track_name,artist_names,release_date,duration_ms,popularity,explicit,added_at,genres,danceability,energy,key,loudness,mode,speechiness,acousticness,instrumentalness,liveness,valence,tempo,time_signature,hit_year,release_year,hit
Blinding Lights,The Weeknd,2019-11-29,201573,22,False,2024-02-01T17:29:31Z,unknown,0.512,0.796,1,-4.075,1,0.0645,0.00147,0.000209,0.0938,0.344,171.014,4,2020,2019,0
The Box,Roddy Ricch,2019-12-06,196652,82,True,2024-02-01T17:29:31Z,melodic rap,0.896,0.586,10,-6.687,0,0.0559,0.104,0.0,0.79,0.642,116.971,4,2020,2019,1
positions,Ariana Grande,2020-10-23,172324,0,True,2024-02-01T17:29:31Z,pop,0.736,0.802,0,-4.759,1,0.0864,0.468,0.0,0.094,0.675,144.005,4,2020,2020,0
ROXANNE,Arizona Zervas,2019-10-10,163636,75,True,2024-02-01T17:29:31Z,unknown,0.621,0.601,6,-5.616,0,0.148,0.0522,0.0,0.46,0.457,116.735,5,2020,2019,1
death bed (coffee for your head),Powfu;beabadoobee,2020-02-08,173333,82,False,2024-02-01T17:29:31Z,bedroom pop,0.726,0.431,8,-8.765,0,0.135,0.731,0.0,0.696,0.348,144.026,4,2020,2020,1
cardigan,Taylor Swift,2020-07-24,239560,49,False,2024-02-01T17:29:31Z,unknown,0.613,0.581,0,-8.588,0,0.0424,0.537,0.000345,0.25,0.551,130.033,4,2020,2020,0
What You Know Bout Love,Pop Smoke,2020-07-03,160000,77,True,2024-02-01T17:29:31Z,"brooklyn drill,new york drill,drill",0.709,0.548,10,-8.493,1,0.353,0.65,1.59e-06,0.133,0.543,83.995,4,2020,2020,1
Say So,Doja Cat,2019-11-07,237894,78,True,2024-02-01T17:29:31Z,unknown,0.787,0.673,11,-4.583,0,0.159,0.264,3.35e-06,0.0904,0.779,110.962,4,2020,2019,1
Watermelon Sugar,Harry Styles,2019-12-13,173991,83,False,2024-02-01T17:29:31Z,unknown,0.548,0.816,0,-4.209,1,0.0465,0.122,0.0,0.335,0.557,95.39,4,2020,2019,1
Don't Start Now,Dua Lipa,2019-10-31,183290,73,False,2024-02-01T17:29:31Z,pop,0.794,0.793,11,-4.521,0,0.0842,0.0125,0.0,0.0952,0.677,123.941,4,2020,2019,1
"Lemonade (feat. Gunna, Don Toliver & NAV)",Internet Money;Gunna;Don Toliver;NAV,2020-08-29,195428,0,True,2024-02-01T17:29:31Z,melodic rap,0.8,0.658,1,-6.142,0,0.079,0.25,0.0,0.111,0.462,140.042,4,2020,2020,0
everything i wanted,Billie Eilish,2019-11-13,245425,84,False,2024-02-01T17:29:31Z,unknown,0.704,0.225,6,-14.454,0,0.0994,0.902,0.657,0.106,0.243,120.006,4,2020,2019,1
Falling,Trevor Daniel,2018-10-05,159381,70,False,2024-08-20T12:59:41Z,unknown,0.785,0.431,10,-8.756,0,0.0364,0.123,0.0,0.0887,0.236,127.085,4,2020,2018,1
DÁKITI,Bad Bunny;JHAYCO,2020-10-30,205090,78,True,2024-02-01T17:29:31Z,"reggaeton,trap latino,urbano latino,latin",0.731,0.573,4,-10.059,0,0.0544,0.401,5.22e-05,0.113,0.145,109.928,4,2020,2020,1
ROCKSTAR (feat. Roddy Ricch),DaBaby;Roddy Ricch,2020-04-17,181733,74,True,2024-02-01T17:29:31Z,melodic rap,0.746,0.69,11,-7.956,1,0.164,0.247,0.0,0.101,0.497,89.977,4,2020,2020,1
Blueberry Faygo,Lil Mosey,2020-02-06,162546,70,True,2024-02-01T17:29:31Z,melodic rap,0.774,0.554,0,-7.909,1,0.0383,0.207,0.0,0.132,0.349,99.034,4,2020,2020,1
Mood (feat. iann dior),24kGoldn;iann dior,2020-07-24,140525,6,True,2024-02-01T17:29:31Z,melodic rap,0.7,0.722,7,-3.558,0,0.0369,0.221,0.0,0.272,0.756,90.989,4,2020,2020,0
WAP (feat. Megan Thee Stallion),Cardi B;Megan Thee Stallion,2020-08-07,187541,75,True,2024-02-01T17:29:31Z,unknown,0.935,0.454,1,-7.509,1,0.375,0.0194,0.0,0.0824,0.357,133.073,4,2020,2020,1
motive (with Doja Cat),Ariana Grande;Doja Cat,2020-10-30,167989,73,True,2024-02-01T17:29:31Z,pop,0.789,0.742,10,-5.664,0,0.0652,0.0681,0.0,0.166,0.661,116.965,4,2020,2020,1
Rain On Me (with Ariana Grande),Lady Gaga;Ariana Grande,2020-05-22,182200,69,False,2024-02-01T17:29:31Z,"art pop,pop",0.672,0.855,9,-3.764,1,0.0397,0.021,0.0,0.323,0.646,123.056,4,2020,2020,0
Dynamite,BTS,2020-08-21,199053,2,False,2024-02-01T17:29:31Z,k-pop,0.746,0.765,6,-4.41,0,0.0993,0.0112,0.0,0.0936,0.737,114.044,4,2020,2020,0
Adore You,Harry Styles,2019-12-13,207139,79,False,2024-02-01T17:29:31Z,unknown,0.676,0.771,8,-3.675,1,0.0483,0.0237,7e-06,0.102,0.569,99.048,4,2020,2019,1
Angels Like You,Miley Cyrus,2020-11-27,196454,82,False,2024-11-26T19:28:42Z,unknown,0.672,0.642,5,-4.035,1,0.0313,0.0981,0.0,0.1,0.494,121.981,4,2020,2020,1
august,Taylor Swift,2020-07-24,261922,85,False,2024-02-01T17:29:31Z,unknown,0.532,0.623,5,-9.208,1,0.0331,0.538,7.28e-05,0.0925,0.403,89.937,4,2020,2020,1
hot girl bummer,blackbear,2020-08-21,188343,74,True,2024-02-01T17:29:31Z,unknown,0.782,0.559,6,-7.106,0,0.0767,0.125,0.0,0.385,0.685,129.992,1,2020,2020,1
Heartless,The Weeknd,2020-03-20,198266,78,True,2024-08-19T16:35:16Z,unknown,0.537,0.746,10,-5.507,0,0.15,0.0236,1e-06,0.156,0.252,170.083,4,2020,2020,1
Toosie Slide,Drake,2020-04-03,247058,70,True,2024-02-01T17:29:31Z,rap,0.834,0.454,1,-9.75,0,0.201,0.321,6.15e-06,0.114,0.837,81.618,4,2020,2020,1
Party Girl,StaySolidRocky,2020-04-21,147800,69,True,2024-02-01T17:29:31Z,unknown,0.728,0.431,6,-9.966,0,0.0622,0.749,0.0,0.0996,0.629,130.022,4,2020,2020,0
Memories,Maroon 5,2019-09-20,189486,34,False,2024-02-01T17:29:31Z,pop,0.764,0.32,11,-7.209,1,0.0546,0.837,0.0,0.0822,0.575,91.019,4,2020,2019,0
Stuck with U (with Justin Bieber),Ariana Grande;Justin Bieber,2020-05-08,228482,81,False,2024-02-01T17:29:31Z,pop,0.597,0.45,8,-6.658,1,0.0418,0.223,0.0,0.382,0.537,178.765,3,2020,2020,1
Heather,Conan Gray,2020-03-20,198040,85,False,2024-02-01T17:29:31Z,unknown,0.357,0.425,5,-7.301,1,0.0333,0.584,0.0,0.322,0.27,102.078,3,2020,2020,1
Intentions (feat. Quavo),Justin Bieber;Quavo,2020-02-14,212866,76,False,2024-02-01T17:29:31Z,unknown,0.806,0.546,9,-6.637,1,0.0579,0.298,0.0,0.102,0.875,147.988,4,2020,2020,1
No Idea,Don Toliver,2019-05-29,154424,0,False,2024-09-17T16:09:55Z,unknown,0.651,0.631,6,-5.717,0,0.0896,0.519,0.000579,0.165,0.35,127.994,4,2020,2019,0
Life Is Good (feat. Drake),Future;Drake,2020-01-10,237735,72,True,2024-02-01T17:29:31Z,rap,0.676,0.609,2,-5.831,0,0.481,0.0706,0.0,0.152,0.508,142.037,4,2020,2020,1
HIGHEST IN THE ROOM,Travis Scott,2019-10-04,175720,83,True,2024-02-01T17:29:31Z,rap,0.598,0.427,7,-8.764,0,0.0317,0.0546,5.83e-06,0.21,0.0605,76.469,4,2020,2019,1
For The Night (feat. Lil Baby & DaBaby),Pop Smoke;Lil Baby;DaBaby,2020-07-03,190476,75,True,2024-02-01T17:29:31Z,"brooklyn drill,new york drill,drill",0.823,0.586,6,-6.606,0,0.2,0.114,0.0,0.193,0.347,125.971,4,2020,2020,1
Borderline,Tame Impala,2020-02-14,237800,85,False,2025-10-25T14:55:38Z,"neo-psychedelic,indie",0.621,0.873,5,-3.067,0,0.0369,0.0406,9.1e-06,0.0824,0.873,97.96,4,2020,2020,1
Roses - Imanbek Remix,SAINt JHN;Imanbek,2019-09-13,176218,8,True,2024-02-01T17:29:31Z,slap house,0.785,0.721,8,-5.457,1,0.0506,0.0149,0.00432,0.285,0.894,121.962,4,2020,2019,0
you broke me first,Tate McRae,2020-04-17,169265,5,True,2024-02-01T17:29:31Z,unknown,0.667,0.373,4,-9.389,1,0.05,0.785,0.0,0.0906,0.0823,124.148,4,2020,2020,0
Supalonely (feat. Gus Dapperton),BENEE;Gus Dapperton,2020-11-13,223488,60,True,2024-02-01T17:29:31Z,bedroom pop,0.862,0.631,7,-4.746,1,0.0515,0.291,0.000209,0.123,0.841,128.978,4,2020,2020,0
Sunday Best,Surfaces,2019-01-06,158571,5,False,2024-02-01T17:29:31Z,unknown,0.878,0.525,5,-6.832,1,0.0578,0.183,0.0,0.0714,0.694,112.022,4,2020,2019,0
Shut up My Moms Calling,Hotel Ugly,2020-02-10,164571,87,False,2024-11-26T19:26:57Z,unknown,0.485,0.409,9,-10.711,0,0.101,0.325,0.0,0.103,0.376,138.419,4,2020,2020,1
Yummy,Justin Bieber,2020-01-03,210426,65,False,2024-02-01T17:29:31Z,unknown,0.688,0.514,9,-6.612,0,0.0903,0.366,0.0,0.116,0.494,145.919,4,2020,2020,0
Savage Remix (feat. Beyoncé),Megan Thee Stallion;Beyoncé,2020-04-29,242000,59,True,2024-02-01T17:29:31Z,unknown,0.822,0.743,10,-4.772,0,0.28,0.016,0.0,0.127,0.636,84.459,4,2020,2020,0
How You Like That,BLACKPINK,2020-06-26,181263,1,False,2024-02-01T17:29:31Z,k-pop,0.828,0.782,11,-4.014,1,0.0918,0.0694,3.41e-05,0.0544,0.351,130.013,4,2020,2020,0
Break My Heart,Dua Lipa,2020-03-25,221820,59,False,2025-01-11T21:58:35Z,pop,0.73,0.729,4,-3.434,0,0.0886,0.167,1.39e-06,0.349,0.467,113.012,4,2020,2020,0
Tusa,KAROL G;Nicki Minaj,2019-11-07,200960,73,True,2024-02-01T17:29:31Z,"reggaeton,latin,urbano latino",0.803,0.715,2,-3.28,1,0.298,0.295,0.000134,0.0574,0.574,101.085,4,2020,2019,1
Hawái,Maluma,2020-08-21,199112,79,False,2024-02-01T17:29:31Z,"reggaeton,latin,urbano latino",0.783,0.727,6,-3.454,0,0.389,0.185,2.46e-05,0.0626,0.558,180.067,4,2020,2020,1
UN DIA (ONE DAY) (Feat. Tainy),J Balvin;Dua Lipa;Bad Bunny;Tainy,2020-07-24,232253,70,False,2024-02-01T17:29:31Z,"reggaeton,latin,pop,trap latino,urbano latino",0.571,0.693,6,-8.234,0,0.0545,0.00536,0.0,0.173,0.393,168.169,4,2020,2020,1
Monster (Shawn Mendes & Justin Bieber),Shawn Mendes;Justin Bieber,2020-11-20,178994,67,False,2024-02-01T17:29:31Z,unknown,0.652,0.383,2,-7.076,0,0.0516,0.0676,0.0,0.0828,0.549,145.765,4,2020,2020,0
July,Noah Cyrus,2020-05-15,156106,79,False,2024-02-01T17:29:31Z,unknown,0.708,0.186,9,-8.953,0,0.042,0.868,0.0,0.0779,0.322,72.541,4,2020,2020,1
exile (feat. Bon Iver),Taylor Swift;Bon Iver,2020-07-24,285634,80,False,2025-06-30T01:59:39Z,unknown,0.298,0.38,6,-8.426,1,0.0287,0.778,5.62e-05,0.11,0.152,75.602,4,2020,2020,1
Before You Go,Lewis Capaldi,2019-11-22,215106,84,False,2024-02-01T17:29:31Z,soft pop,0.459,0.574,3,-4.857,1,0.0577,0.608,0.0,0.0885,0.183,111.881,4,2020,2019,1
Laugh Now Cry Later (feat. Lil Durk),Drake;Lil Durk,2020-08-14,261492,76,True,2024-02-01T17:29:31Z,"rap,chicago drill,drill",0.761,0.518,0,-8.871,1,0.134,0.244,3.47e-05,0.107,0.522,133.976,4,2020,2020,1
Godzilla (feat. Juice WRLD),Eminem;Juice WRLD,2020-01-17,210800,81,True,2024-02-01T17:29:31Z,"rap,hip hop,melodic rap,emo rap",0.808,0.745,10,-5.26,0,0.342,0.145,0.0,0.292,0.829,165.995,4,2020,2020,1
Boss Bitch,Doja Cat,2020-01-23,134239,74,False,2024-02-01T17:29:31Z,unknown,0.707,0.955,10,-4.593,0,0.222,0.127,0.0,0.202,0.575,125.989,4,2020,2020,1
Sky,Playboi Carti,2020-12-25,193234,79,True,2025-01-20T21:27:08Z,rage rap,0.785,0.903,2,-4.184,1,0.21,0.258,0.0,0.169,0.565,139.98,4,2020,2020,1
After Hours,The Weeknd,2020-03-20,361026,82,False,2024-12-04T12:54:29Z,unknown,0.658,0.572,5,-6.099,0,0.0308,0.0811,0.0061,0.121,0.144,108.968,4,2020,2020,1
If the World Was Ending (feat. Julia Michaels),JP Saxe;Julia Michaels,2019-10-17,208687,74,False,2024-02-01T17:29:31Z,unknown,0.464,0.473,1,-10.086,1,0.129,0.866,0.0,0.109,0.604,75.801,4,2020,2019,1
La Difícil,Bad Bunny,2020-02-29,163084,72,True,2024-02-01T17:29:31Z,"reggaeton,trap latino,urbano latino,latin",0.685,0.848,8,-4.561,0,0.0858,0.0861,7.14e-06,0.0783,0.761,179.87,4,2020,2020,1
"WHATS POPPIN (feat. DaBaby, Tory Lanez & Lil Wayne) - Remix",Jack Harlow;Tory Lanez;DaBaby;Lil Wayne,2020-06-24,227478,65,True,2024-02-01T17:29:31Z,"rap,hip hop",0.904,0.723,11,-5.224,0,0.26,0.0631,0.0,0.185,0.835,145.013,4,2020,2020,0
In Your Eyes,The Weeknd,2020-03-20,237520,77,True,2024-02-01T17:29:31Z,unknown,0.667,0.719,7,-5.371,0,0.0346,0.0028,7.92e-05,0.0736,0.718,100.019,4,2020,2020,1
Wishing Well,Juice WRLD,2020-07-10,194621,1,True,2024-02-01T17:29:31Z,"melodic rap,emo rap",0.65,0.613,9,-6.13,0,0.128,0.00336,0.0,0.267,0.0804,149.972,4,2020,2020,0
Prisoner (feat. Dua Lipa),Miley Cyrus;Dua Lipa,2020-11-20,169333,1,False,2024-02-01T17:29:31Z,pop,0.781,0.67,3,-3.912,0,0.0452,0.0103,0.0,0.0761,0.595,127.99,4,2020,2020,0
Maniac,Conan Gray,2020-03-20,185773,76,False,2025-05-24T20:10:26Z,unknown,0.628,0.639,8,-5.46,1,0.0435,0.00162,0.0,0.354,0.493,108.045,4,2020,2020,1
Golden,Harry Styles,2019-12-13,208917,74,False,2024-09-17T16:08:51Z,unknown,0.448,0.838,4,-5.257,0,0.0557,0.21,0.000131,0.131,0.254,139.863,4,2020,2019,1
Come & Go (with Marshmello),Juice WRLD;Marshmello,2020-07-09,205484,55,True,2024-02-01T17:29:31Z,"melodic rap,emo rap,edm",0.625,0.811,0,-5.183,1,0.0659,0.0173,0.0,0.16,0.532,144.994,4,2020,2020,0
Kings & Queens,Ava Max,2020-09-18,162398,82,False,2025-01-07T22:12:49Z,unknown,0.637,0.69,1,-4.057,0,0.0405,0.00786,0.0,0.124,0.457,129.857,4,2020,2020,1
Ice Cream (with Selena Gomez),BLACKPINK;Selena Gomez,2020-08-28,175813,62,False,2024-02-01T17:29:31Z,k-pop,0.79,0.729,9,-3.843,1,0.334,0.0342,9.31e-05,0.0411,0.904,159.989,4,2020,2020,0
ily (i love you baby) (feat. Emilee),Surf Mesa;Emilee,2019-11-26,176546,74,False,2024-02-01T17:29:31Z,unknown,0.674,0.774,11,-7.567,0,0.0892,0.0686,0.00188,0.393,0.33,112.05,4,2020,2019,1
Breaking Me,Topic;A7S,2019-12-19,166793,72,False,2024-02-01T17:29:31Z,unknown,0.789,0.72,8,-5.652,0,0.218,0.223,0.0,0.129,0.664,122.031,4,2020,2019,1
Be Kind (with Halsey),Marshmello;Halsey,2020-05-01,172761,72,False,2024-02-01T17:29:31Z,edm,0.63,0.633,4,-7.088,1,0.0457,0.00776,0.0,0.0541,0.452,93.992,4,2020,2020,1
Good News,Mac Miller,2020-01-17,342040,70,False,2024-02-01T17:29:31Z,unknown,0.794,0.32,1,-12.92,0,0.173,0.853,0.134,0.112,0.241,174.088,4,2020,2020,1
Therefore I Am,Billie Eilish,2020-11-12,174321,69,False,2024-02-01T17:29:31Z,unknown,0.889,0.34,11,-7.773,0,0.0697,0.218,0.13,0.055,0.716,94.009,4,2020,2020,0
Rare,Selena Gomez,2020-01-10,220589,58,False,2024-02-01T17:29:31Z,unknown,0.838,0.541,5,-6.746,1,0.0708,0.207,7.97e-05,0.103,0.637,114.996,4,2020,2020,0
Put Your Records On,Ritt Momney,2020-04-24,210463,68,False,2024-02-01T17:29:31Z,bedroom pop,0.399,0.491,6,-10.778,0,0.0538,0.0563,0.00089,0.11,0.151,91.066,4,2020,2020,0
Holy (feat. Chance The Rapper),Justin Bieber;Chance the Rapper,2020-09-18,212093,67,False,2024-02-01T17:29:31Z,unknown,0.673,0.704,6,-8.056,1,0.36,0.196,0.0,0.0898,0.372,86.919,4,2020,2020,0
Wonder,Shawn Mendes,2020-10-02,172692,66,False,2024-02-01T17:29:31Z,unknown,0.333,0.637,1,-4.904,0,0.0581,0.131,1.8e-05,0.149,0.132,139.898,4,2020,2020,0
Savage Love (Laxed - Siren Beat),Jawsh 685;Jason Derulo,2020-06-11,171374,71,True,2024-02-01T17:29:31Z,unknown,0.767,0.481,0,-8.52,0,0.0803,0.234,0.0,0.269,0.761,150.076,4,2020,2020,1
my ex's best friend (with blackbear),mgk;blackbear,2020-08-07,138970,1,True,2024-02-01T17:29:31Z,unknown,0.728,0.685,5,-5.096,0,0.0433,0.00391,0.0,0.152,0.33,124.934,4,2020,2020,0
Midnight Sky,Miley Cyrus,2020-08-14,223279,3,False,2024-02-01T17:29:31Z,unknown,0.705,0.814,4,-5.466,0,0.0346,0.00115,0.00312,0.203,0.259,110.0,4,2020,2020,0
My Head & My Heart,Ava Max,2020-09-18,174760,73,False,2025-01-07T22:13:18Z,unknown,0.614,0.934,9,-3.709,0,0.07,0.0697,0.0,0.121,0.436,116.001,4,2020,2020,1
RITMO (Bad Boys For Life),Black Eyed Peas;J Balvin,2020-06-18,214934,48,True,2024-02-01T17:29:31Z,"reggaeton,latin",0.723,0.704,10,-7.088,0,0.0571,0.0259,0.00109,0.792,0.684,105.095,4,2020,2020,0
POPSTAR (feat. Drake),DJ Khaled;Drake,2020-07-17,200221,67,True,2024-02-01T17:29:31Z,rap,0.8,0.56,5,-4.818,0,0.261,0.057,0.0,0.134,0.45,163.071,4,2020,2020,0
THE SCOTTS,THE SCOTTS;Travis Scott;Kid Cudi,2020-04-24,165977,70,True,2024-02-01T17:29:31Z,rap,0.716,0.537,0,-7.648,0,0.0514,0.233,0.0,0.157,0.28,129.979,4,2020,2020,1
High Fashion (feat. Mustard),Roddy Ricch;Mustard,2019-12-06,220486,70,True,2024-02-01T17:29:31Z,melodic rap,0.831,0.499,11,-8.442,0,0.114,0.269,0.0,0.3,0.511,97.956,4,2020,2019,1
Safaera,Bad Bunny;Jowell & Randy;Ñengo Flow,2020-02-29,295176,77,True,2024-02-01T17:29:31Z,"reggaeton,trap latino,urbano latino,latin",0.607,0.829,2,-4.074,1,0.379,0.0103,0.0,0.107,0.685,96.172,4,2020,2020,1
Physical,Dua Lipa,2020-03-27,193829,76,False,2024-02-01T17:29:31Z,pop,0.647,0.844,0,-3.756,1,0.0457,0.0137,0.000658,0.102,0.746,146.967,4,2020,2020,1
Head & Heart (feat. MNEK),Joel Corry;MNEK,2020-07-03,166028,75,False,2024-02-01T17:29:31Z,dance pop,0.734,0.874,8,-3.158,1,0.0662,0.168,1.14e-05,0.0489,0.905,122.953,4,2020,2020,1
You should be sad,Halsey,2020-01-17,205473,68,True,2024-02-01T17:29:31Z,unknown,0.591,0.585,2,-6.35,1,0.0276,0.143,0.0,0.109,0.323,110.943,4,2020,2020,0
No Time To Die,Billie Eilish,2020-02-13,242265,77,False,2024-02-01T17:29:31Z,unknown,0.344,0.22,4,-13.218,0,0.0365,0.917,0.0107,0.0827,0.0522,70.895,4,2020,2020,1
Lonely (with benny blanco),Justin Bieber;benny blanco,2020-10-16,149297,67,True,2024-02-01T17:29:31Z,unknown,0.631,0.239,11,-7.071,0,0.0398,0.864,0.0,0.116,0.0927,79.859,4,2020,2020,0
my future,Billie Eilish,2020-07-30,208155,68,False,2024-02-01T17:29:31Z,unknown,0.444,0.309,8,-10.956,1,0.062,0.795,0.132,0.352,0.0875,104.745,4,2020,2020,0
Moral of the Story,Ashe,2019-02-14,201083,73,True,2024-02-01T17:29:31Z,unknown,0.572,0.406,10,-8.624,1,0.0427,0.587,4.48e-06,0.102,0.265,119.812,4,2020,2019,1
BELIEVE IT,PARTYNEXTDOOR;Rihanna,2020-03-27,183219,0,True,2024-02-01T17:29:31Z,"dark r&b,r&b,trap soul",0.43,0.7,6,-5.35,1,0.264,0.0902,0.0,0.216,0.731,158.373,4,2020,2020,0
Level of Concern,Twenty One Pilots,2020-04-09,220051,63,False,2024-02-01T17:29:31Z,unknown,0.754,0.583,4,-7.34,0,0.0432,0.32,0.00015,0.144,0.77,122.012,4,2020,2020,0
ON (Feat. Sia),BTS;Sia,2020-02-21,246816,0,False,2024-02-01T17:29:31Z,k-pop,0.591,0.848,9,-4.397,0,0.0828,0.137,0.0,0.372,0.386,105.922,4,2020,2020,0
TKN (feat. Travis Scott),ROSALÍA;Travis Scott,2020-05-28,129370,67,False,2024-02-01T17:29:31Z,"latin,rap",0.776,0.509,0,-6.266,0,0.467,0.192,1.49e-06,0.115,0.485,94.634,4,2020,2020,0
Go Crazy,Chris Brown;Young Thug,2020-05-08,176960,78,True,2024-02-01T17:29:31Z,"r&b,rap,melodic rap,trap",0.755,0.578,0,-8.932,0,0.145,0.316,0.0,0.25,0.581,94.148,4,2020,2020,1
What A Man Gotta Do,Jonas Brothers,2020-01-17,180644,70,False,2024-02-01T17:29:31Z,unknown,0.853,0.696,9,-7.206,1,0.0633,0.00852,1e-06,0.0773,0.324,113.026,4,2020,2020,1
Play Date,Melanie Martinez,2015-08-14,179867,75,True,2024-02-01T17:29:31Z,unknown,0.68,0.729,5,-5.077,1,0.0475,0.612,0.0,0.224,0.446,123.97,4,2020,2015,1
Take You Dancing,Jason Derulo,2020-07-22,190306,71,False,2024-02-01T17:29:31Z,unknown,0.789,0.711,2,-4.248,1,0.041,0.0332,0.0,0.0876,0.753,112.985,4,2020,2020,1
MAMACITA,Black Eyed Peas;Ozuna;J. Rey Soul,2020-04-10,249142,61,True,2024-02-01T17:29:31Z,"reggaeton,trap latino,latin,urbano latino",0.894,0.635,2,-6.929,1,0.0473,0.193,0.00105,0.0823,0.428,105.013,4,2020,2020,0
Runnin,21 Savage;Metro Boomin,2020-10-02,195906,76,True,2024-02-01T17:29:31Z,unknown,0.819,0.626,10,-4.574,0,0.202,0.00748,0.101,0.167,0.415,143.01,4,2020,2020,1
Djadja (feat. Maluma) - Remix,Aya Nakamura;Maluma,2020-06-12,166850,60,False,2024-02-01T17:29:31Z,"french r&b,pop urbaine,reggaeton,latin,urbano latino",0.791,0.682,5,-7.328,1,0.158,0.175,0.0,0.0926,0.672,98.031,4,2020,2020,0
My Oh My (feat. DaBaby),Camila Cabello;DaBaby,2019-12-06,171375,76,False,2024-02-01T17:29:31Z,unknown,0.724,0.491,8,-6.024,1,0.0296,0.018,1.29e-05,0.0887,0.383,105.046,4,2020,2019,1
Hit Different,SZA;The Neptunes;Pharrell Williams;Ty Dolla $ign,2020-09-04,202007,67,True,2025-02-11T17:00:32Z,"r&b,trap soul",0.679,0.516,0,-6.371,0,0.0452,0.199,0.0,0.0965,0.716,120.074,4,2020,2020,0
Nobody's Love,Maroon 5,2020-07-24,211253,10,False,2025-07-01T21:37:42Z,pop,0.486,0.567,1,-6.456,1,0.0379,0.31,0.0,0.0949,0.154,93.68,4,2020,2020,0
Better,ZAYN,2020-09-25,174516,49,False,2025-07-01T21:37:47Z,unknown,0.637,0.418,2,-7.137,1,0.301,0.353,0.0,0.131,0.0807,84.295,4,2020,2020,0
Over Now (with The Weeknd),Calvin Harris;The Weeknd,2020-08-28,210795,62,True,2025-07-01T21:37:51Z,edm,0.612,0.884,4,-4.113,0,0.0454,0.0759,0.00132,0.247,0.679,178.043,4,2020,2020,0
Lose Somebody,Kygo;OneRepublic,2020-05-15,199549,60,False,2025-07-01T21:37:55Z,"tropical house,soft pop",0.58,0.586,1,-6.883,1,0.0357,0.344,0.0,0.0755,0.507,147.988,4,2020,2020,0
OK Not To Be OK,Marshmello;Demi Lovato,2020-09-10,159862,61,False,2025-07-01T21:37:58Z,edm,0.743,0.837,1,-5.025,0,0.0649,0.0172,0.0,0.0743,0.263,103.072,4,2020,2020,0
Daisies,Katy Perry,2020-05-15,173123,56,False,2025-07-01T21:38:03Z,pop,0.639,0.546,1,-5.382,1,0.0407,0.0837,0.0,0.122,0.149,122.179,4,2020,2020,0
Mad at Disney,salem ilese,2020-07-24,136838,0,False,2025-07-01T21:38:14Z,unknown,0.738,0.621,0,-7.313,1,0.0486,0.424,7.39e-06,0.692,0.715,113.968,4,2020,2020,0
Favorito,Camilo,2020-04-17,209765,71,False,2025-07-01T21:38:18Z,"colombian pop,pop urbano",0.606,0.853,9,-2.975,1,0.0545,0.237,0.0,0.251,0.822,178.043,4,2020,2020,1
Old Me,5 Seconds of Summer,2020-03-27,186785,0,True,2025-07-01T21:38:25Z,unknown,0.721,0.62,0,-3.639,1,0.0483,0.313,0.0,0.26,0.473,127.979,4,2020,2020,0
I Love Me,Demi Lovato,2020-03-06,203672,52,True,2025-07-01T21:38:28Z,unknown,0.664,0.561,6,-7.031,1,0.0495,0.00261,0.0,0.0764,0.713,150.093,4,2020,2020,0
"Ay, DiOs Mío!",KAROL G,2020-07-10,189653,63,False,2025-07-01T21:38:39Z,"reggaeton,latin,urbano latino",0.718,0.712,11,-4.366,1,0.174,0.512,0.00121,0.104,0.531,180.034,4,2020,2020,0
GREECE (feat. Drake),DJ Khaled;Drake,2020-07-16,218901,69,True,2025-07-01T21:38:43Z,rap,0.695,0.343,5,-10.798,1,0.0432,0.0743,1.04e-06,0.107,0.229,85.84,4,2020,2020,0
Me Gusta,Shakira;Anuel AA,2020-01-13,190570,66,False,2025-07-01T21:38:47Z,"latin pop,reggaeton,trap latino,urbano latino,latin",0.775,0.696,1,-5.184,0,0.0681,0.0559,0.00184,0.157,0.775,92.007,4,2020,2020,0
Boyfriend,Selena Gomez,2020-04-09,161188,50,False,2025-07-01T21:38:49Z,unknown,0.811,0.512,2,-6.381,1,0.17,0.218,0.0262,0.0767,0.346,92.047,4,2020,2020,0
The Other Side (from Trolls World Tour),SZA;Justin Timberlake,2020-02-26,188186,59,False,2025-07-01T21:38:52Z,r&b,0.76,0.607,7,-6.274,1,0.0964,0.00277,0.0,0.132,0.709,105.979,4,2020,2020,0
Smile (with The Weeknd),Juice WRLD;The Weeknd,2020-07-10,196180,68,True,2025-07-01T21:39:03Z,"melodic rap,emo rap",0.694,0.685,6,-6.535,0,0.133,0.224,0.0,0.124,0.306,158.831,4,2020,2020,0
Know Your Worth,Khalid;Disclosure,2020-02-04,181436,63,False,2025-07-01T21:39:19Z,house,0.79,0.694,9,-7.726,0,0.0708,0.145,0.00252,0.281,0.508,103.007,4,2020,2020,0
Im Ready (with Demi Lovato),Sam Smith;Demi Lovato,2020-04-16,200838,51,False,2025-07-01T21:40:08Z,soft pop,0.501,0.674,5,-6.363,1,0.0408,0.00346,3.56e-05,0.282,0.152,155.051,4,2020,2020,0
drivers license,Olivia Rodrigo,2021-01-08,242013,24,True,2021-05-18T14:44:57Z,unknown,0.585,0.436,10,-8.761,1,0.0601,0.721,1.31e-05,0.105,0.132,143.874,4,2021,2021,0
Save Your Tears (with Ariana Grande) (Remix),The Weeknd;Ariana Grande,2021-04-23,191013,79,False,2021-05-18T14:45:46Z,pop,0.65,0.825,0,-4.645,1,0.0325,0.0215,2.44e-05,0.0936,0.593,118.091,4,2021,2021,1
Levitating (feat. DaBaby),Dua Lipa;DaBaby,2020-10-01,203064,67,False,2021-05-18T14:45:31Z,pop,0.702,0.825,6,-3.787,0,0.0601,0.00883,0.0,0.0674,0.915,102.977,4,2021,2020,0
Kiss Me More (feat. SZA),Doja Cat;SZA,2021-04-09,208866,8,True,2021-05-18T14:46:10Z,r&b,0.762,0.701,8,-3.541,1,0.0286,0.235,0.000158,0.123,0.742,110.968,4,2021,2021,0
deja vu,Olivia Rodrigo,2021-04-01,215507,12,True,2021-05-18T14:46:36Z,unknown,0.439,0.61,9,-7.236,1,0.116,0.593,1.07e-05,0.341,0.172,181.088,4,2021,2021,0
Peaches (feat. Daniel Caesar & Giveon),Justin Bieber;Daniel Caesar;GIV?ON,2021-03-19,198081,81,True,2021-05-18T14:45:20Z,r&b,0.677,0.696,0,-6.181,1,0.119,0.321,0.0,0.42,0.464,90.03,4,2021,2021,1
Easy On Me,Adele,2021-10-14,224694,78,False,2021-10-14T23:59:01Z,soft pop,0.604,0.366,5,-7.519,1,0.0282,0.578,0.0,0.133,0.13,141.981,4,2021,2021,1
good 4 u,Olivia Rodrigo,2021-05-14,178147,23,True,2021-05-18T14:57:24Z,unknown,0.556,0.661,6,-5.052,0,0.204,0.3,0.0,0.101,0.668,168.56,4,2021,2021,0
Leave The Door Open,Bruno Mars;Anderson .Paak;Silk Sonic,2021-03-05,242096,3,False,2021-05-18T14:45:25Z,unknown,0.586,0.616,5,-7.964,1,0.0324,0.182,0.0,0.0927,0.719,148.088,4,2021,2021,0
STAY (with Justin Bieber),The Kid LAROI;Justin Bieber,2021-07-09,141805,81,True,2021-07-15T13:37:41Z,unknown,0.591,0.764,1,-5.484,1,0.0483,0.0383,0.0,0.103,0.478,169.928,4,2021,2021,1
Heartbreak Anniversary,GIV?ON,2020-03-27,198370,78,False,2021-05-18T14:46:25Z,r&b,0.449,0.465,0,-8.964,1,0.0791,0.524,1.02e-06,0.303,0.543,89.087,3,2021,2020,1
Pain,PinkPantheress,2021-10-15,98544,81,False,2025-07-01T21:33:46Z,bedroom pop,0.829,0.617,1,-8.497,1,0.14,0.227,0.00306,0.0618,0.81,125.605,4,2021,2021,1
You Right,Doja Cat;The Weeknd,2021-06-25,186173,81,True,2021-06-27T17:07:18Z,unknown,0.828,0.621,8,-6.414,1,0.0565,0.0164,0.00233,0.0845,0.436,128.986,4,2021,2021,1
Happier Than Ever,Billie Eilish,2021-07-30,298899,84,True,2021-10-04T12:30:50Z,unknown,0.332,0.225,0,-8.697,1,0.0348,0.767,0.00349,0.128,0.297,81.055,3,2021,2021,1
Beggin',Måneskin,2017-12-08,211560,85,False,2021-07-21T22:37:11Z,unknown,0.714,0.8,11,-4.808,0,0.0504,0.127,0.0,0.359,0.589,134.002,4,2021,2017,1
Good Days,SZA,2020-12-25,279203,73,True,2021-05-18T14:46:18Z,r&b,0.436,0.655,1,-8.37,0,0.0583,0.499,8.1e-06,0.688,0.412,121.002,4,2021,2020,1
MONTERO (Call Me By Your Name),Lil Nas X,2021-03-31,137875,70,True,2021-05-18T14:45:13Z,unknown,0.61,0.508,8,-6.682,0,0.152,0.297,0.0,0.384,0.758,178.818,4,2021,2021,1
Woman,Doja Cat,2021-06-25,172626,84,True,2021-09-10T01:59:50Z,unknown,0.824,0.764,5,-4.175,0,0.0854,0.0888,0.00294,0.117,0.881,107.998,4,2021,2021,1
34+35,Ariana Grande,2020-10-30,173710,77,True,2021-05-18T14:45:36Z,pop,0.83,0.585,0,-6.476,1,0.094,0.237,0.0,0.248,0.485,109.978,4,2021,2020,1
telepatía,Kali Uchis,2020-12-04,160191,83,False,2021-05-18T14:46:30Z,unknown,0.653,0.524,11,-9.016,0,0.0502,0.112,0.0,0.203,0.553,83.97,4,2021,2020,1
willow,Taylor Swift,2020-12-11,214706,74,False,2021-05-18T14:47:49Z,unknown,0.392,0.574,7,-9.195,1,0.17,0.833,0.00179,0.145,0.529,81.112,4,2021,2020,1
Streets,Doja Cat,2019-11-07,226978,84,True,2021-05-18T14:46:49Z,unknown,0.749,0.463,11,-8.433,1,0.0842,0.21,0.0382,0.338,0.189,90.035,4,2021,2019,1
I Must Apologise,PinkPantheress,2021-10-15,108373,74,False,2025-10-20T22:26:23Z,bedroom pop,0.616,0.856,9,-6.098,1,0.0457,0.516,0.0652,0.245,0.75,157.109,4,2021,2021,1
Bad Habits,Ed Sheeran,2021-06-25,231041,9,False,2021-06-27T17:07:07Z,soft pop,0.808,0.897,11,-3.712,0,0.0348,0.0469,3.14e-05,0.364,0.591,126.026,4,2021,2021,0
Butter,BTS,2021-05-21,164441,1,False,2021-05-21T14:38:14Z,k-pop,0.759,0.459,8,-5.187,1,0.0948,0.00323,0.0,0.0906,0.695,109.997,4,2021,2021,0
Astronaut In The Ocean,Masked Wolf,2021-01-06,132780,71,True,2021-05-18T14:46:00Z,unknown,0.778,0.695,4,-6.865,0,0.0913,0.175,0.0,0.15,0.472,149.996,4,2021,2021,1
Fair Trade (with Travis Scott),Drake;Travis Scott,2021-09-03,291175,81,True,2021-09-10T01:59:42Z,rap,0.666,0.465,1,-8.545,1,0.26,0.0503,0.0,0.215,0.292,167.937,4,2021,2021,1
I WANNA BE YOUR SLAVE,Måneskin,2021-03-19,173346,83,True,2021-07-21T22:37:20Z,unknown,0.75,0.608,1,-4.008,1,0.0387,0.00165,0.0,0.178,0.958,132.507,4,2021,2021,1
Need to Know,Doja Cat,2021-06-11,210560,1,True,2021-06-13T16:05:36Z,unknown,0.664,0.609,1,-6.509,1,0.0707,0.304,0.0,0.0926,0.194,130.041,4,2021,2021,0
love nwantiti (ah ah ah),CKay,2019-08-30,145800,76,True,2021-10-04T12:30:39Z,"afrobeats,afrobeat,afro r&b,afropop",0.727,0.739,8,-3.805,1,0.0411,0.365,0.00137,0.161,0.533,93.005,4,2021,2019,1
pov,Ariana Grande,2020-10-30,201882,76,False,2021-05-18T14:51:47Z,pop,0.487,0.534,0,-5.664,0,0.0555,0.36,0.0,0.1,0.173,131.798,4,2021,2020,1
All Too Well (10 Minute Version) (Taylor's Version) (From The Vault),Taylor Swift,2021-11-12,613026,81,True,2021-12-02T00:47:43Z,unknown,0.631,0.518,0,-8.771,1,0.0303,0.274,0.0,0.088,0.205,93.023,4,2021,2021,1
favorite crime,Olivia Rodrigo,2021-05-21,152666,82,False,2024-04-15T23:46:06Z,unknown,0.369,0.272,9,-10.497,1,0.0364,0.866,0.0,0.147,0.218,172.929,4,2021,2021,1
My Universe,Coldplay;BTS,2021-09-24,228000,74,False,2021-10-04T12:30:24Z,k-pop,0.588,0.701,9,-6.39,1,0.0402,0.00813,0.0,0.2,0.443,104.988,4,2021,2021,1
MONEY,LISA,2021-09-10,168227,73,True,2023-04-21T20:30:38Z,k-pop,0.831,0.554,1,-9.998,0,0.218,0.161,6.12e-05,0.152,0.396,140.026,4,2021,2021,1
INDUSTRY BABY (feat. Jack Harlow),Lil Nas X;Jack Harlow,2021-09-17,212352,75,True,2022-05-16T17:09:07Z,unknown,0.741,0.691,10,-7.395,0,0.0672,0.0221,0.0,0.0476,0.892,150.087,4,2021,2021,1
Hurricane,Kanye West,2021-08-29,243187,20,False,2021-09-10T02:00:08Z,rap,0.587,0.561,0,-6.569,1,0.146,0.0466,0.0,0.109,0.351,80.009,4,2021,2021,0
Hold On,Justin Bieber,2021-03-05,170813,65,False,2021-05-18T14:48:22Z,unknown,0.658,0.634,1,-5.797,0,0.0413,0.0106,0.0,0.132,0.29,139.98,4,2021,2021,0
Todo De Ti,Rauw Alejandro,2021-05-20,199604,73,True,2021-06-08T15:35:59Z,"reggaeton,urbano latino,trap latino,latin",0.78,0.718,3,-3.605,0,0.0506,0.31,0.000163,0.0932,0.342,127.949,4,2021,2021,1
Skate,Bruno Mars;Anderson .Paak;Silk Sonic,2021-07-30,203122,1,False,2021-09-20T03:13:58Z,unknown,0.708,0.598,5,-8.365,1,0.0291,0.037,0.0,0.17,0.698,112.027,4,2021,2021,0
Essence (feat. Justin Bieber & Tems),Wizkid;Justin Bieber;Tems,2021-08-13,263288,58,False,2024-05-11T14:16:11Z,"afrobeats,afrobeat,afropop,azonto,afroswing,afro r&b,afropiano,alté",0.835,0.691,0,-5.828,1,0.113,0.0159,1.44e-05,0.108,0.581,103.999,4,2021,2021,0
Your Power,Billie Eilish,2021-04-29,245896,1,False,2021-06-08T15:35:11Z,unknown,0.634,0.285,9,-14.007,0,0.0807,0.937,0.000359,0.232,0.203,129.65,4,2021,2021,0
Heat Waves,Glass Animals,2020-08-07,238805,86,False,2021-09-20T03:13:36Z,unknown,0.761,0.525,11,-6.9,1,0.0944,0.44,6.7e-06,0.0921,0.531,80.87,4,2021,2020,1
The Business,Tiësto,2020-09-16,164000,74,False,2021-05-18T14:49:47Z,"edm,trance,big room",0.798,0.62,8,-7.079,0,0.232,0.414,0.0192,0.112,0.235,120.031,4,2021,2020,1
Up,Cardi B,2021-02-05,156944,66,True,2021-05-18T14:46:05Z,unknown,0.868,0.795,11,-6.044,1,0.269,0.0012,0.0193,0.0461,0.819,166.0,4,2021,2021,0
Baila Conmigo (with Rauw Alejandro),Selena Gomez;Rauw Alejandro,2021-03-12,186087,65,False,2021-05-18T14:47:20Z,"reggaeton,urbano latino,trap latino,latin",0.823,0.544,5,-7.132,1,0.0715,0.0215,0.00315,0.0966,0.664,149.903,4,2021,2021,0
Yonaguni,Bad Bunny,2021-06-04,206710,79,True,2021-06-08T15:35:17Z,"reggaeton,trap latino,urbano latino,latin",0.644,0.648,1,-4.601,1,0.118,0.276,0.0,0.135,0.44,179.951,4,2021,2021,1
Body,Megan Thee Stallion,2020-11-20,171067,67,True,2021-05-18T14:50:45Z,unknown,0.914,0.732,8,-6.1,0,0.241,0.0166,0.0,0.107,0.469,94.066,4,2021,2020,0
traitor,Olivia Rodrigo,2021-05-21,229226,87,False,2022-08-28T19:58:38Z,unknown,0.38,0.339,3,-7.885,1,0.0338,0.691,0.0,0.12,0.0849,100.607,4,2021,2021,1
Arcade (feat. FLETCHER),Duncan Laurence;FLETCHER,2020-11-27,187453,68,False,2021-12-03T17:58:17Z,unknown,0.446,0.395,0,-9.328,1,0.0365,0.815,0.00216,0.128,0.267,71.944,3,2021,2020,0
Build a Bitch,Bella Poarch,2021-05-14,122772,68,True,2021-06-08T15:35:41Z,unknown,0.855,0.463,3,-7.454,1,0.0367,0.217,1.77e-05,0.347,0.866,102.931,4,2021,2021,0
Whoopty,CJ,2020-08-20,123262,63,True,2021-05-18T14:48:36Z,dembow,0.719,0.648,3,-7.6,0,0.125,0.2,0.0,0.127,0.66,140.201,4,2021,2020,0
Beautiful Mistakes (feat. Megan Thee Stallion),Maroon 5;Megan Thee Stallion,2021-03-03,227395,29,False,2021-05-18T14:49:23Z,pop,0.713,0.676,10,-5.483,1,0.027,0.0377,0.0,0.154,0.721,99.048,4,2021,2021,0
Shivers,Ed Sheeran,2021-09-13,207853,11,False,2021-10-04T12:30:31Z,soft pop,0.788,0.859,2,-2.724,1,0.0856,0.281,0.0,0.0424,0.822,141.02,4,2021,2021,0
Solar Power,Lorde,2021-06-10,192621,0,False,2021-06-13T16:05:30Z,unknown,0.735,0.47,4,-9.405,1,0.1,0.266,0.000105,0.32,0.897,87.971,4,2021,2021,0
We're Good,Dua Lipa,2021-02-11,165506,68,False,2021-05-18T14:46:43Z,pop,0.722,0.588,6,-5.932,1,0.0544,0.0319,0.0,0.183,0.59,134.01,4,2021,2021,0
WITHOUT YOU (with Miley Cyrus),The Kid LAROI;Miley Cyrus,2021-04-30,161384,61,True,2021-05-18T14:47:02Z,unknown,0.655,0.469,0,-6.257,1,0.0292,0.173,0.0,0.0956,0.467,92.56,4,2021,2021,0
Love Story (Taylors Version),Taylor Swift,2021-02-12,235766,77,False,2021-05-18T14:48:31Z,unknown,0.626,0.79,2,-4.302,1,0.0311,0.135,3.97e-06,0.0989,0.416,119.082,4,2021,2021,1
late at night,Roddy Ricch,2021-06-04,174682,58,True,2022-08-27T14:17:30Z,melodic rap,0.643,0.403,1,-11.254,0,0.41,0.343,0.0,0.138,0.111,98.54,4,2021,2021,0
Calling My Phone,Lil Tjay;6LACK,2021-04-02,205458,76,True,2021-05-18T14:47:15Z,"brooklyn drill,melodic rap",0.907,0.393,4,-7.636,0,0.0539,0.451,1.35e-06,0.135,0.202,104.949,4,2021,2021,1
RAPSTAR,Polo G,2021-06-11,165925,76,True,2022-07-28T21:26:48Z,unknown,0.789,0.536,6,-6.862,1,0.242,0.41,0.0,0.129,0.437,81.039,4,2021,2021,1
Girls Want Girls (with Lil Baby),Drake;Lil Baby,2021-09-03,221979,77,True,2021-09-20T03:13:11Z,rap,0.767,0.438,7,-8.726,0,0.29,0.181,0.0,0.142,0.381,86.975,4,2021,2021,1
Dinero,Trinidad Cardona,2018-02-02,160880,67,True,2024-09-17T19:29:11Z,unknown,0.709,0.782,2,-4.687,1,0.0672,0.00774,0.0,0.107,0.484,119.997,4,2021,2018,0
LA NOCHE DE ANOCHE,Bad Bunny;ROSALÍA,2020-11-27,203200,78,False,2021-05-18T14:49:16Z,"reggaeton,trap latino,urbano latino,latin",0.856,0.618,7,-4.892,1,0.286,0.0303,0.0,0.0866,0.391,81.993,4,2021,2020,1
Anyone,Justin Bieber,2021-01-01,190779,66,False,2021-05-18T14:46:58Z,unknown,0.686,0.538,2,-8.026,1,0.0345,0.181,3.13e-06,0.113,0.584,115.884,4,2021,2021,0
Meet Me At Our Spot,THE ANXIETY;WILLOW;Tyler Cole,2020-03-13,162680,74,True,2022-05-15T19:44:18Z,unknown,0.773,0.47,2,-7.93,1,0.0299,0.0153,0.000193,0.0851,0.399,94.995,4,2021,2020,1
Afterglow,Ed Sheeran,2020-12-21,185486,67,False,2021-05-18T14:47:40Z,soft pop,0.641,0.324,11,-5.851,1,0.0299,0.698,0.0,0.328,0.273,110.184,4,2021,2020,0
GIRL LIKE ME,Black Eyed Peas;Shakira,2020-11-02,222522,79,True,2021-05-18T14:48:58Z,latin pop,0.965,0.485,2,-8.784,1,0.191,0.0206,0.0237,0.0655,0.312,124.025,4,2021,2020,1
BICHOTA,KAROL G,2020-10-23,178946,65,True,2021-05-18T14:48:17Z,"reggaeton,latin,urbano latino",0.863,0.666,1,-4.158,0,0.152,0.212,0.000493,0.103,0.838,163.908,4,2021,2020,0
Bandido,Myke Towers;Juhn,2020-12-10,232853,69,False,2021-05-18T14:48:46Z,"reggaeton,trap latino,urbano latino",0.713,0.617,8,-4.637,1,0.0887,0.122,0.0,0.0962,0.682,168.021,4,2021,2020,0
Break It Off - Bonus,PinkPantheress,2021-10-15,96133,72,False,2025-10-20T22:26:27Z,bedroom pop,0.552,0.904,11,-4.891,0,0.114,0.0027,8.85e-06,0.0786,0.746,171.788,4,2021,2021,1
test drive,Ariana Grande,2021-02-19,122174,62,False,2021-05-18T14:49:35Z,pop,0.698,0.708,9,-4.943,0,0.0454,0.0251,0.0,0.124,0.322,115.036,4,2021,2021,0
Lemonade,Internet Money;Gunna;Don Toliver;NAV,2020-08-14,195428,3,True,2021-05-18T14:50:01Z,melodic rap,0.799,0.66,1,-6.153,0,0.079,0.256,0.0,0.111,0.471,140.04,4,2021,2020,0
Lost Cause,Billie Eilish,2021-06-02,212496,0,True,2021-06-08T15:35:29Z,unknown,0.671,0.336,10,-8.494,0,0.241,0.705,0.00751,0.0577,0.518,75.051,4,2021,2021,0
Selfish Love (with Selena Gomez),DJ Snake;Selena Gomez,2021-03-04,168648,54,False,2021-05-18T14:50:06Z,unknown,0.723,0.646,5,-7.973,0,0.102,0.0206,0.352,0.0994,0.443,110.971,4,2021,2021,0
Best Friend (feat. Doja Cat),Saweetie;Doja Cat,2021-01-07,155883,66,True,2021-05-18T14:50:51Z,unknown,0.84,0.766,4,-4.12,1,0.136,0.00302,3.61e-06,0.0684,0.402,94.018,4,2021,2021,0
Whats Next,Drake,2021-03-05,178153,67,True,2021-05-18T14:51:05Z,rap,0.781,0.594,0,-6.959,0,0.0485,0.0136,0.0,0.162,0.0628,129.895,4,2021,2021,0
On The Ground,ROSÉ,2021-03-12,168085,67,False,2021-05-18T14:51:11Z,k-pop,0.311,0.607,1,-6.578,1,0.11,0.0174,0.0,0.131,0.286,188.7,4,2021,2021,0
As I Am (feat. Khalid),Justin Bieber;Khalid,2021-03-19,174406,61,False,2021-05-18T14:51:35Z,unknown,0.595,0.543,11,-8.149,1,0.038,0.127,0.0,0.0975,0.109,99.928,4,2021,2021,0
Permission to Dance,BTS,2021-07-09,187585,1,False,2021-07-15T13:37:48Z,k-pop,0.702,0.741,9,-5.33,1,0.0427,0.00544,0.0,0.337,0.646,124.925,4,2021,2021,0
Met Him Last Night (feat. Ariana Grande),Demi Lovato;Ariana Grande,2021-04-02,204631,52,True,2021-05-18T14:51:43Z,pop,0.538,0.512,4,-4.548,0,0.0262,0.22,0.0,0.101,0.12,144.978,4,2021,2021,0
m y . l i f e (with 21 Savage & Morray),J. Cole;21 Savage;Morray,2021-05-14,218801,72,True,2021-05-21T14:38:34Z,rap,0.597,0.587,7,-7.026,0,0.137,0.0622,0.0,0.214,0.0753,140.021,4,2021,2021,1
t r a n s p a r e n t s o u l feat. Travis Barker,WILLOW;Travis Barker,2021-04-27,168030,62,True,2021-09-20T03:14:28Z,rap rock,0.39,0.83,11,-5.201,0,0.0563,0.0021,0.0,0.156,0.191,90.021,4,2021,2021,0
Motley Crew,Post Malone,2021-07-09,184213,67,True,2021-07-15T13:37:55Z,unknown,0.797,0.631,3,-3.818,0,0.0786,0.0904,3.71e-06,0.0998,0.288,129.915,4,2021,2021,0
Pepas,Farruko,2021-06-24,287120,78,True,2021-09-10T02:00:13Z,"reggaeton,trap latino",0.762,0.766,7,-3.955,1,0.0343,0.00776,6.98e-05,0.128,0.442,130.001,4,2021,2021,1
THATS WHAT I WANT,Lil Nas X,2021-09-17,143901,74,True,2021-09-20T03:13:06Z,unknown,0.737,0.846,1,-4.51,0,0.22,0.00614,0.0,0.0486,0.546,87.981,4,2021,2021,1
Rumors (feat. Cardi B),Lizzo;Cardi B,2021-08-13,172832,59,True,2021-09-20T03:13:52Z,unknown,0.827,0.731,4,-5.524,0,0.088,0.13,0.0,0.418,0.607,118.992,4,2021,2021,0
Leave Before You Love Me (with Jonas Brothers),Marshmello;Jonas Brothers,2021-05-21,154983,81,False,2021-12-03T17:57:52Z,edm,0.721,0.738,7,-4.77,1,0.0403,0.00226,4.41e-06,0.118,0.637,119.976,4,2021,2021,1
Girl From Rio,Anitta,2021-04-29,194421,51,False,2021-12-03T17:58:03Z,"brazilian pop,funk pop,brazilian funk,funk carioca",0.692,0.639,0,-6.717,1,0.0352,0.00727,0.0,0.199,0.733,140.059,4,2021,2021,0
Summer of Love (Shawn Mendes & Tainy),Shawn Mendes;Tainy,2021-08-20,184104,67,False,2022-05-15T19:41:54Z,reggaeton,0.776,0.808,11,-4.501,1,0.117,0.0297,0.000127,0.103,0.494,123.988,4,2021,2021,0
Life Goes On,Oliver Tree,2021-05-28,161803,73,False,2022-05-15T19:44:24Z,unknown,0.7,0.49,0,-5.187,1,0.076,0.186,0.0,0.117,0.569,79.982,4,2021,2021,1
Dick (feat. Doja Cat),StarBoi3;Doja Cat,2021-04-23,175238,64,True,2022-05-15T19:44:34Z,unknown,0.647,0.608,9,-6.831,1,0.42,0.13,0.0,0.0584,0.474,125.994,4,2021,2021,0
Praise God,Kanye West,2021-08-29,226652,72,False,2022-05-15T19:44:50Z,rap,0.798,0.545,1,-6.466,1,0.168,0.00904,9.48e-05,0.258,0.212,118.029,4,2021,2021,1
As It Was,Harry Styles,2022-03-31,167303,21,False,2022-03-31T23:20:52Z,unknown,0.52,0.731,6,-5.338,0,0.0557,0.342,0.00101,0.311,0.662,173.93,4,2022,2022,0
Anti-Hero,Taylor Swift,2022-10-21,200690,80,False,2022-10-22T16:50:41Z,unknown,0.633,0.648,4,-6.645,1,0.062,0.121,2.62e-06,0.161,0.49,96.888,4,2022,2022,1
Bad Habit,Steve Lacy,2022-07-15,232114,83,True,2022-07-23T17:36:31Z,unknown,0.686,0.494,1,-7.093,1,0.0355,0.613,5.8e-05,0.402,0.7,168.946,4,2022,2022,1
Unholy (feat. Kim Petras),Sam Smith;Kim Petras,2022-09-22,156943,77,False,2022-09-23T21:23:27Z,soft pop,0.719,0.454,2,-7.384,1,0.0707,0.0138,4.83e-06,0.318,0.224,131.007,4,2022,2022,1
Tití Me Preguntó,Bad Bunny,2022-05-06,243716,84,True,2022-11-28T15:03:29Z,"reggaeton,trap latino,urbano latino,latin",0.65,0.715,5,-5.198,0,0.253,0.0993,0.000291,0.126,0.187,106.672,4,2022,2022,1
Running Up That Hill (A Deal With God) - 2018 Remaster,Kate Bush,1985-09-16,300840,4,False,2022-06-24T17:17:24Z,"art pop,baroque pop,art rock",0.625,0.533,10,-11.903,0,0.0596,0.659,0.00266,0.0546,0.139,108.296,4,2022,1985,0
CUFF IT,Beyoncé,2022-07-29,225388,74,True,2022-09-24T04:03:17Z,unknown,0.78,0.689,7,-5.668,1,0.141,0.0368,9.69e-06,0.0698,0.642,115.042,4,2022,2022,1
Moth To A Flame (with The Weeknd),Swedish House Mafia;The Weeknd,2022-04-15,234000,83,False,2025-01-10T21:51:05Z,edm,0.553,0.659,8,-7.295,1,0.0391,0.0027,0.0,0.105,0.105,120.146,4,2022,2022,1
METAMORPHOSIS,INTERWORLD,2021-11-25,142839,77,True,2025-11-08T13:57:11Z,"phonk,drift phonk,brazilian phonk",0.593,0.641,7,-12.727,0,0.0992,0.426,0.901,0.122,0.147,175.014,4,2022,2021,1
First Class,Jack Harlow,2022-04-08,173947,14,True,2022-04-08T22:08:21Z,unknown,0.905,0.563,8,-6.135,1,0.102,0.0254,9.71e-06,0.113,0.324,106.998,4,2022,2022,0
Late Night Talking,Harry Styles,2022-05-20,177954,76,False,2022-05-20T03:30:43Z,unknown,0.714,0.728,10,-4.595,1,0.0468,0.298,0.0,0.106,0.901,114.996,4,2022,2022,1
Ghost,Justin Bieber,2021-03-19,153190,84,False,2022-01-16T05:48:27Z,unknown,0.601,0.741,2,-5.569,1,0.0478,0.185,2.91e-05,0.415,0.441,153.96,4,2022,2021,1
Glimpse of Us,Joji,2022-06-10,233456,8,False,2022-06-19T18:50:15Z,unknown,0.44,0.317,8,-9.258,1,0.0531,0.891,4.78e-06,0.141,0.268,169.914,3,2022,2022,0
Something in the Orange,Zach Bryan,2022-04-22,228013,86,False,2024-08-31T05:39:13Z,"country,red dirt",0.369,0.192,4,-12.151,0,0.04,0.555,8.35e-06,0.0954,0.148,175.212,3,2022,2022,1
Is There Someone Else?,The Weeknd,2022-01-06,199111,81,False,2024-02-02T17:30:27Z,unknown,0.702,0.586,9,-7.83,0,0.0313,0.0388,7.27e-05,0.156,0.608,134.951,4,2022,2022,1
"Quevedo: Bzrp Music Sessions, Vol. 52/66",Bizarrap;Quevedo,2022-07-06,198937,81,False,2022-07-22T04:23:49Z,"argentine trap,trap latino,urbano latino",0.621,0.782,2,-5.548,1,0.044,0.0125,0.033,0.23,0.55,128.033,4,2022,2022,1
Me Porto Bonito,Bad Bunny;Chencho Corleone,2022-05-06,178567,82,True,2022-06-19T18:50:09Z,"reggaeton,trap latino,urbano latino,latin",0.911,0.712,1,-5.105,0,0.0817,0.0901,2.68e-05,0.0933,0.425,92.005,4,2022,2022,1
N95,Kendrick Lamar,2022-05-13,195950,22,True,2022-05-15T16:16:02Z,"hip hop,west coast hip hop",0.79,0.67,1,-5.527,1,0.105,0.377,2.32e-06,0.119,0.408,139.956,4,2022,2022,0
Jimmy Cooks (feat. 21 Savage),Drake;21 Savage,2022-06-17,218364,81,True,2022-07-04T13:53:21Z,rap,0.529,0.673,0,-4.711,1,0.175,0.000307,2.41e-06,0.093,0.366,165.921,4,2022,2022,1
About Damn Time,Lizzo,2022-04-14,191822,15,True,2022-05-05T02:49:52Z,unknown,0.836,0.743,10,-6.305,0,0.0656,0.0995,0.0,0.335,0.722,108.966,4,2022,2022,0
Lavender Haze,Taylor Swift,2022-10-21,202395,72,True,2022-11-28T15:06:30Z,unknown,0.735,0.449,7,-10.56,0,0.0883,0.23,0.00126,0.132,0.0955,97.05,4,2022,2022,1
Envolver,Anitta,2021-11-11,193805,68,False,2022-03-26T02:01:18Z,"brazilian pop,funk pop,brazilian funk,funk carioca",0.812,0.736,4,-5.421,0,0.0833,0.152,0.00254,0.0914,0.396,91.993,4,2022,2021,0
DESPECHÁ,ROSALÍA,2022-07-28,157017,72,True,2022-07-29T18:18:01Z,latin,0.919,0.623,7,-6.521,1,0.0992,0.184,1.63e-05,0.0609,0.775,130.037,4,2022,2022,1
Oh My God,Adele,2021-11-19,225148,73,False,2022-01-16T05:48:24Z,soft pop,0.534,0.725,1,-3.906,1,0.046,0.091,0.0,0.0264,0.55,88.098,4,2022,2021,1
abcdefu,GAYLE,2021-08-13,168601,73,True,2022-01-16T05:44:35Z,unknown,0.695,0.54,4,-5.692,1,0.0493,0.299,0.0,0.367,0.415,121.932,4,2022,2021,1
Cold Heart - PNAU Remix,Elton John;Dua Lipa;PNAU,2021-10-22,202735,69,False,2022-01-16T05:45:06Z,pop,0.795,0.8,1,-6.32,1,0.0309,0.0354,7.25e-05,0.0915,0.934,116.032,4,2022,2021,0
Left and Right (Feat. Jung Kook of BTS),Charlie Puth;Jung Kook;BTS,2022-06-24,154486,68,False,2022-06-25T14:41:13Z,"soft pop,pop,k-pop",0.881,0.592,2,-4.898,1,0.0324,0.619,1.32e-05,0.0901,0.719,101.058,4,2022,2022,0
Infinity,Jaymes Young,2017-06-23,237720,79,False,2022-01-16T05:45:59Z,unknown,0.671,0.673,11,-6.941,0,0.0444,0.148,5.29e-05,0.304,0.494,121.963,4,2022,2017,1
Sunroof,Nicky Youre;hey daisy,2021-11-26,163025,3,False,2022-07-15T04:18:52Z,unknown,0.768,0.716,10,-5.11,1,0.0404,0.35,0.0,0.15,0.841,131.43,4,2022,2021,0
I Ain't Worried,OneRepublic,2022-05-13,148485,82,False,2022-07-15T04:18:55Z,soft pop,0.704,0.797,0,-5.927,1,0.0475,0.0826,0.000745,0.0546,0.825,139.994,4,2022,2022,1
SAD GIRLZ LUV MONEY Remix (feat. Kali Uchis and Moliy),Amaarae;Kali Uchis;MOLIY,2021-09-16,204763,76,True,2024-11-01T16:53:57Z,"alté,afrobeats,afro r&b",0.87,0.523,1,-8.052,0,0.0602,0.433,2.07e-05,0.113,0.319,110.02,4,2022,2021,1
MAMIII,Becky G;KAROL G,2022-02-10,226088,70,False,2022-03-28T20:49:31Z,"reggaeton,latin,urbano latino",0.843,0.7,4,-3.563,0,0.0803,0.0934,0.0,0.14,0.899,93.991,4,2022,2022,1
Desesperados,Rauw Alejandro;Chencho Corleone,2021-12-10,224996,78,True,2022-03-28T20:49:36Z,"reggaeton,urbano latino,trap latino,latin",0.869,0.694,1,-3.35,0,0.0783,0.356,0.00125,0.0878,0.511,90.02,4,2022,2021,1
Super Freaky Girl,Nicki Minaj,2022-08-12,170977,68,True,2022-08-12T10:16:35Z,unknown,0.95,0.891,2,-2.653,1,0.241,0.0645,1.77e-05,0.309,0.912,133.01,4,2022,2022,0
Out of Time,The Weeknd,2022-01-06,214193,77,False,2022-01-16T05:46:03Z,unknown,0.65,0.76,0,-4.422,0,0.0446,0.255,0.0,0.339,0.838,93.057,4,2022,2022,1
Boyfriend,Dove Cameron,2022-02-11,153000,72,True,2022-03-28T20:49:49Z,unknown,0.345,0.612,7,-6.543,0,0.0608,0.232,0.0,0.194,0.232,179.773,3,2022,2022,1
Pink Venom,BLACKPINK,2022-08-19,186964,65,False,2022-08-19T09:48:38Z,k-pop,0.798,0.697,0,-7.139,1,0.0891,0.0202,0.0,0.259,0.745,90.031,4,2022,2022,0
Shirt,SZA,2022-10-28,181830,63,True,2022-10-28T09:42:23Z,r&b,0.824,0.453,3,-9.604,0,0.0968,0.146,0.0273,0.0896,0.552,119.959,4,2022,2022,0
Under The Influence,Chris Brown,2019-10-04,184203,84,True,2023-01-07T01:54:25Z,r&b,0.755,0.562,9,-8.947,0,0.0355,0.0186,0.000231,0.18,0.368,116.931,4,2022,2019,1
SNAP,Rosa Linn,2022-07-15,179551,1,False,2022-10-26T21:04:49Z,unknown,0.565,0.636,0,-8.198,1,0.0638,0.107,9.9e-06,0.447,0.525,170.01,4,2022,2022,0
Bam Bam (feat. Ed Sheeran),Camila Cabello;Ed Sheeran,2022-04-07,206070,69,False,2022-04-13T20:40:45Z,soft pop,0.756,0.697,8,-6.377,1,0.0401,0.182,0.0,0.333,0.956,94.996,4,2022,2022,0
Una Noche en Medellín,Cris MJ,2022-01-21,153750,4,True,2022-08-10T16:46:04Z,"reggaeton chileno,chilean trap,chilean mambo,reggaeton",0.87,0.548,10,-5.253,0,0.077,0.0924,4.6e-05,0.0534,0.832,96.018,4,2022,2022,0
PROVENZA,KAROL G,2022-04-22,210200,72,False,2022-06-19T18:50:24Z,"reggaeton,latin,urbano latino",0.87,0.516,1,-8.006,1,0.0541,0.656,0.00823,0.11,0.53,111.005,4,2022,2022,1
MIDDLE OF THE NIGHT,Elley Duhé,2020-01-10,184447,75,False,2022-05-05T02:50:08Z,unknown,0.41,0.611,4,-8.271,0,0.0467,0.0228,0.0,0.116,0.0899,185.727,3,2022,2020,1
Enemy (with JID) - from the series Arcane League of Legends,Imagine Dragons;JID;Arcane;League of Legends,2021-10-28,173381,75,False,2022-01-16T05:45:31Z,unknown,0.728,0.783,11,-4.424,0,0.266,0.237,0.0,0.434,0.555,77.011,4,2022,2021,1
Massive,Drake,2022-06-17,336924,71,False,2022-06-24T17:06:55Z,rap,0.499,0.671,4,-6.774,0,0.0561,0.114,0.0169,0.148,0.0557,124.994,3,2022,2022,1
BREAK MY SOUL,Beyoncé,2022-06-21,278281,60,False,2022-06-21T14:53:10Z,unknown,0.687,0.887,1,-5.04,0,0.0826,0.0575,2.21e-06,0.27,0.853,114.941,4,2022,2022,0
I Like You (A Happier Song) (with Doja Cat),Post Malone;Doja Cat,2022-06-03,192840,75,True,2022-06-03T17:10:00Z,unknown,0.733,0.67,5,-6.009,1,0.0751,0.121,0.0,0.121,0.472,100.964,4,2022,2022,1
We Don't Talk About Bruno,Carolina Gaitán - La Gaita;Mauro Castillo;Adassa;Rhenzy Feliz;Diane Guerrero;Stephanie Beatriz;Encanto - Cast,2021-11-19,216120,72,False,2022-01-16T05:45:39Z,unknown,0.577,0.45,0,-8.516,0,0.0834,0.357,0.0,0.111,0.83,205.863,4,2022,2021,1
All For Us,Labrinth;Zendaya,2019-11-21,191710,71,False,2022-08-10T16:37:13Z,unknown,0.46,0.66,3,-6.642,1,0.0652,0.0108,0.000139,0.34,0.18,141.722,4,2022,2019,1
Where Are You Now,Lost Frequencies;Calum Scott,2021-07-30,148197,78,False,2023-08-21T00:40:14Z,"tropical house,soft pop",0.671,0.636,6,-8.117,0,0.103,0.515,0.000411,0.172,0.262,120.966,4,2022,2021,1
STAR WALKIN' (League of Legends Worlds Anthem),Lil Nas X,2022-09-22,210575,71,True,2022-09-27T01:14:24Z,unknown,0.637,0.715,2,-4.971,0,0.0455,0.148,0.0,0.0892,0.308,141.872,4,2022,2022,1
Sweetest Pie,Megan Thee Stallion;Dua Lipa,2022-03-11,201334,67,True,2022-03-28T20:50:35Z,pop,0.814,0.628,7,-7.178,1,0.221,0.167,0.0,0.101,0.677,123.977,4,2022,2022,0
Ojitos Lindos,Bad Bunny;Bomba Estéreo,2022-05-06,258298,83,False,2022-08-10T17:50:07Z,"reggaeton,trap latino,urbano latino,latin,latin alternative,electrocumbia",0.647,0.686,3,-5.745,0,0.0413,0.08,1.34e-06,0.528,0.268,79.928,4,2022,2022,1
Lift Me Up - From Black Panther: Wakanda Forever - Music From and Inspired By,Rihanna,2022-10-28,196519,70,False,2022-10-28T09:42:07Z,unknown,0.247,0.299,9,-6.083,1,0.0315,0.899,0.0,0.131,0.172,177.115,4,2022,2022,1
Snow On The Beach (feat. Lana Del Rey),Taylor Swift;Lana Del Rey,2022-10-21,256124,67,True,2022-10-22T16:50:46Z,unknown,0.663,0.321,9,-13.527,1,0.0409,0.701,0.000598,0.107,0.153,110.021,4,2022,2022,0
One Right Now (with The Weeknd),Post Malone;The Weeknd,2021-11-05,193506,67,True,2022-03-28T21:02:18Z,unknown,0.687,0.781,1,-4.806,1,0.053,0.0361,0.0,0.0755,0.688,97.014,4,2022,2021,0
Doja,Central Cee,2022-07-21,97392,77,True,2023-01-08T18:40:25Z,"uk drill,drill,uk grime",0.911,0.573,6,-7.43,1,0.288,0.38,0.0,0.403,0.972,140.04,4,2022,2022,1
Te Felicito,Shakira;Rauw Alejandro,2022-04-21,172235,70,False,2022-06-19T18:50:21Z,"latin pop,reggaeton,urbano latino,trap latino,latin",0.695,0.636,5,-4.654,1,0.317,0.234,0.0,0.081,0.575,174.14,4,2022,2022,1
Shut Down,BLACKPINK,2022-09-16,175889,67,False,2022-09-16T05:05:39Z,k-pop,0.814,0.704,0,-5.146,1,0.036,0.00291,0.0,0.182,0.621,110.056,3,2022,2022,0
Moscow Mule,Bad Bunny,2022-05-06,245939,84,True,2022-05-06T16:23:47Z,"reggaeton,trap latino,urbano latino,latin",0.804,0.674,5,-5.453,0,0.0333,0.294,1.18e-06,0.115,0.292,99.968,4,2022,2022,1
La Bachata,Manuel Turizo,2022-05-26,162637,78,False,2022-10-26T21:04:33Z,"reggaeton,pop urbano,latin,colombian pop",0.835,0.679,7,-5.329,0,0.0364,0.583,1.98e-06,0.218,0.85,124.98,4,2022,2022,1
Save Your Tears (Remix) (with Ariana Grande) - Bonus Track,The Weeknd;Ariana Grande,2020-03-20,191013,85,False,2022-03-28T21:02:01Z,pop,0.65,0.825,0,-4.645,1,0.0325,0.0215,2.44e-05,0.0936,0.593,118.091,4,2022,2020,1
29,Demi Lovato,2022-08-17,163027,51,True,2022-08-19T09:48:27Z,unknown,0.322,0.698,1,-3.812,0,0.0542,0.00507,0.0,0.249,0.288,183.963,4,2022,2022,0
When You're Gone,Shawn Mendes,2022-03-31,172266,68,False,2022-04-13T20:38:32Z,unknown,0.603,0.691,5,-5.805,1,0.0372,0.0248,0.0,0.583,0.577,147.148,4,2022,2022,0
The Joker And The Queen (feat. Taylor Swift),Ed Sheeran;Taylor Swift,2022-02-11,185422,62,False,2022-03-28T20:51:33Z,soft pop,0.528,0.309,0,-7.398,1,0.0329,0.924,2.1e-06,0.282,0.307,133.83,4,2022,2022,0
Im Tired (with Zendaya) - Bonus Track,Labrinth;Zendaya,2022-02-28,187943,63,False,2022-03-28T20:50:22Z,unknown,0.375,0.133,0,-10.624,0,0.0352,0.651,0.0,0.0695,0.192,131.721,4,2022,2022,0
Falling Back,Drake,2022-06-17,266178,61,False,2022-06-17T04:12:01Z,rap,0.718,0.758,10,-8.29,1,0.0703,0.238,0.00653,0.11,0.349,118.989,4,2022,2022,0
Notion,The Rare Occasions,2021-12-02,195120,84,False,2023-05-08T01:36:38Z,unknown,0.309,0.883,9,-3.825,1,0.0808,0.0673,0.00111,0.0849,0.312,159.488,4,2022,2021,1
Light Switch,Charlie Puth,2022-01-20,185680,9,False,2022-01-23T15:43:28Z,"soft pop,pop",0.69,0.626,6,-5.693,1,0.306,0.105,0.000335,0.0881,0.912,184.009,4,2022,2022,0
Nail Tech,Jack Harlow,2022-02-18,206385,56,True,2022-03-28T20:50:27Z,unknown,0.677,0.557,1,-8.409,1,0.0694,0.00508,8.36e-06,0.0984,0.1,150.127,4,2022,2022,0
WAIT FOR U (feat. Drake & Tems),Future;Drake;Tems,2022-04-29,189893,83,True,2022-05-05T02:49:47Z,"rap,afrobeats,afro r&b,alté,afrobeat",0.463,0.642,1,-4.474,1,0.34,0.314,0.0,0.0686,0.339,83.389,4,2022,2022,1
Honest (feat. Don Toliver),Justin Bieber;Don Toliver,2022-04-29,193322,59,True,2022-05-05T02:49:59Z,unknown,0.81,0.655,8,-6.779,0,0.0698,0.127,8.16e-05,0.105,0.809,150.002,4,2022,2022,0
Fingers Crossed,Lauren Spencer Smith,2022-01-05,175344,0,False,2022-01-16T05:45:35Z,unknown,0.603,0.473,5,-7.23,1,0.0511,0.616,0.0,0.31,0.446,109.494,4,2022,2022,0
TV,Billie Eilish,2022-07-21,281380,84,False,2022-07-22T04:23:45Z,unknown,0.412,0.236,4,-15.159,0,0.0379,0.83,0.00653,0.147,0.119,140.214,4,2022,2022,1
she's all i wanna be,Tate McRae,2022-02-04,206772,5,False,2022-03-28T21:02:04Z,unknown,0.614,0.644,2,-5.372,0,0.0426,0.0134,7.07e-06,0.117,0.651,160.036,4,2022,2022,0
Evergreen (You Didnt Deserve Me At All),Omar Apollo,2022-04-08,216680,76,False,2023-01-08T18:40:17Z,bedroom pop,0.697,0.336,9,-10.395,1,0.0424,0.598,0.00528,0.107,0.31,82.029,3,2022,2022,1
Yet To Come,BTS,2022-06-10,193593,73,False,2022-06-10T04:02:23Z,k-pop,0.559,0.885,1,-4.515,1,0.189,0.0432,0.0,0.333,0.683,172.029,4,2022,2022,1
Vegas (From the Original Motion Picture Soundtrack ELVIS),Doja Cat,2022-05-06,182906,72,True,2022-05-06T16:23:58Z,unknown,0.801,0.601,8,-7.574,0,0.255,0.0777,3.23e-05,0.145,0.74,159.969,4,2022,2022,1
The Heart Part 5,Kendrick Lamar,2022-05-08,332228,53,True,2022-05-09T00:40:13Z,"hip hop,west coast hip hop",0.7,0.812,1,-8.128,0,0.297,0.183,0.0,0.0756,0.801,97.405,4,2022,2022,0
ALIEN SUPERSTAR,Beyoncé,2022-07-29,215459,67,True,2022-08-19T09:48:33Z,unknown,0.545,0.641,10,-6.398,0,0.0998,0.00453,6.59e-05,0.171,0.464,121.892,4,2022,2022,0
It'll Be Okay,Shawn Mendes,2021-12-01,222800,72,False,2022-01-17T12:57:49Z,unknown,0.398,0.286,7,-11.881,1,0.033,0.616,0.000146,0.0912,0.0666,78.262,4,2022,2021,1
I'm Good (Blue),David Guetta;Bebe Rexha,2022-08-26,175238,85,True,2022-09-03T18:19:37Z,edm,0.561,0.965,7,-3.673,0,0.0343,0.00383,7.07e-06,0.371,0.304,128.04,4,2022,2022,1
Hold Me Closer,Elton John;Britney Spears,2022-08-26,202245,71,False,2022-09-16T05:05:45Z,pop,0.667,0.75,0,-4.602,1,0.0906,0.0746,0.000198,0.197,0.486,126.041,4,2022,2022,1
Calm Down (with Selena Gomez),Rema;Selena Gomez,2022-08-25,239317,80,False,2022-09-28T02:48:43Z,"afrobeats,afrobeat,afropop,afropiano",0.801,0.806,11,-5.206,1,0.0381,0.382,0.000669,0.114,0.802,106.999,4,2022,2022,1
Until I Found You,Stephen Sanchez,2021-09-01,177720,78,False,2022-10-28T20:28:46Z,unknown,0.539,0.508,10,-6.05,1,0.0288,0.727,0.0,0.174,0.227,101.358,3,2022,2021,1
Midnight Rain,Taylor Swift,2022-10-21,174782,73,False,2022-11-28T15:06:34Z,unknown,0.604,0.375,0,-11.637,1,0.0633,0.71,5.87e-05,0.116,0.203,137.651,4,2022,2022,1
Die Hard,Kendrick Lamar;Blxst;Amanda Reifer,2022-05-13,239026,75,True,2023-01-08T18:40:06Z,"hip hop,west coast hip hop",0.775,0.736,1,-8.072,0,0.247,0.319,0.00116,0.127,0.362,100.988,4,2022,2022,1
Big Energy,Latto,2022-03-25,172540,64,True,2023-01-08T18:40:10Z,unknown,0.937,0.793,11,-4.431,0,0.115,0.0453,0.0,0.341,0.794,106.022,4,2022,2022,0
pushin P (feat. Young Thug),Gunna;Future;Young Thug,2022-01-13,136266,68,True,2023-01-08T18:40:32Z,"melodic rap,rap,trap",0.773,0.422,1,-4.572,0,0.187,0.00783,0.00693,0.129,0.488,77.502,1,2022,2022,0
THOUSAND MILES,The Kid LAROI,2022-04-22,164781,65,True,2023-01-08T18:42:36Z,unknown,0.376,0.657,7,-4.658,1,0.0768,0.0858,0.0,0.0884,0.203,80.565,4,2022,2022,0
Kill Bill,SZA,2022-12-08,153946,82,False,2023-01-07T03:24:37Z,r&b,0.644,0.735,8,-5.747,1,0.0391,0.0521,0.144,0.161,0.418,88.98,4,2023,2022,1
Flowers,Miley Cyrus,2023-01-13,200454,21,False,2023-01-13T00:30:56Z,unknown,0.707,0.681,0,-4.325,1,0.0668,0.0632,5.15e-06,0.0322,0.646,117.999,4,2023,2023,0
Die For You - Remix,The Weeknd;Ariana Grande,2023-02-24,232857,73,False,2023-02-24T10:14:07Z,pop,0.531,0.525,1,-6.5,0,0.0671,0.232,0.0,0.441,0.502,66.9,4,2023,2023,1
Cruel Summer,Taylor Swift,2019-08-23,178426,87,False,2023-06-30T10:17:30Z,unknown,0.552,0.702,9,-5.707,1,0.157,0.117,2.06e-05,0.105,0.564,169.994,4,2023,2019,1
greedy,Tate McRae,2023-09-15,131872,88,True,2023-09-16T15:01:05Z,unknown,0.749,0.729,6,-3.19,0,0.0321,0.261,0.0,0.113,0.816,111.004,1,2023,2023,1
Boy's a liar Pt. 2,PinkPantheress;Ice Spice,2023-02-03,131013,72,True,2023-02-10T10:04:06Z,bedroom pop,0.696,0.809,5,-8.254,1,0.05,0.252,0.000128,0.248,0.857,132.962,4,2023,2023,1
Creepin' (with The Weeknd & 21 Savage),Metro Boomin;The Weeknd;21 Savage,2022-12-02,221520,82,True,2023-01-07T03:24:44Z,unknown,0.716,0.613,1,-6.018,0,0.0522,0.391,0.0,0.0813,0.157,97.914,4,2023,2022,1
vampire,Olivia Rodrigo,2023-06-30,219724,5,True,2023-06-30T10:17:27Z,unknown,0.484,0.53,5,-5.82,1,0.054,0.148,0.0,0.283,0.319,136.874,4,2023,2023,0
My Love Mine All Mine,Mitski,2023-09-15,137773,87,False,2023-11-26T19:40:18Z,unknown,0.504,0.308,9,-14.958,1,0.0321,0.868,0.135,0.158,0.121,113.95,4,2023,2023,1
Romantic Homicide,d4vd,2022-07-20,132630,87,False,2023-11-29T20:58:23Z,unknown,0.571,0.544,6,-10.613,1,0.0299,0.453,0.00805,0.322,0.216,132.052,4,2023,2022,1
Seven (feat. Latto),Jung Kook;Latto,2023-07-14,184400,78,True,2023-07-20T23:14:17Z,k-pop,0.788,0.841,11,-3.955,1,0.0432,0.301,0.0,0.0772,0.904,124.986,4,2023,2023,1
Cupid - Twin Ver.,FIFTY FIFTY,2023-02-24,174253,6,False,2023-04-22T03:51:18Z,k-pop,0.783,0.592,11,-8.332,0,0.0331,0.435,4.15e-06,0.347,0.726,120.018,4,2023,2023,0
See You Again (feat. Kali Uchis),"Tyler, The Creator;Kali Uchis",2017-07-21,180386,89,True,2023-05-27T22:38:07Z,unknown,0.558,0.559,6,-9.222,1,0.0959,0.371,7.49e-06,0.109,0.62,78.558,4,2023,2017,1
Daylight,David Kushner,2023-04-14,212953,17,False,2023-04-28T13:47:09Z,unknown,0.508,0.43,2,-9.475,0,0.0335,0.83,0.000441,0.093,0.324,130.09,4,2023,2023,0
Strangers,Kenya Grace,2023-09-01,172964,76,False,2023-09-16T15:01:13Z,unknown,0.628,0.523,11,-8.307,0,0.0946,0.701,0.00274,0.219,0.416,169.982,4,2023,2023,1
Moonlight,Kali Uchis,2023-02-24,187557,74,False,2023-05-24T00:18:34Z,unknown,0.64,0.719,7,-6.452,0,0.0516,0.477,0.0,0.16,0.889,136.79,4,2023,2023,1
Water,Tyla,2023-07-28,200255,84,False,2023-10-20T10:14:48Z,afrobeats,0.673,0.722,3,-3.495,0,0.0755,0.0856,0.0,0.137,0.519,117.187,4,2023,2023,1
Lovin On Me,Jack Harlow,2023-11-10,138411,78,True,2023-11-17T10:03:26Z,unknown,0.943,0.558,2,-4.911,1,0.0568,0.0026,2.19e-06,0.0937,0.606,104.983,4,2023,2023,1
Paint The Town Red,Doja Cat,2023-08-04,231750,78,True,2023-08-04T10:14:48Z,unknown,0.868,0.538,5,-8.603,1,0.174,0.269,3.34e-06,0.0901,0.732,99.968,4,2023,2023,1
"Shakira: Bzrp Music Sessions, Vol. 53/66",Bizarrap;Shakira,2023-01-11,214945,76,False,2023-01-13T13:25:10Z,"argentine trap,trap latino,urbano latino,latin pop",0.842,0.745,2,-4.231,0,0.0399,0.281,2.61e-05,0.118,0.53,122.06,4,2023,2023,1
Nonsense,Sabrina Carpenter,2022-07-15,163648,84,False,2023-01-22T14:27:49Z,pop,0.74,0.697,8,-4.912,1,0.034,0.0268,0.0,0.224,0.732,138.992,4,2023,2022,1
Karma,Taylor Swift,2022-10-21,204852,75,True,2023-05-24T00:18:30Z,unknown,0.64,0.619,8,-7.108,1,0.065,0.062,0.0,0.475,0.121,90.008,4,2023,2022,1
I KNOW ?,Travis Scott,2023-07-28,211582,80,True,2023-11-30T13:32:20Z,rap,0.927,0.619,5,-4.441,0,0.0539,0.0186,0.0,0.104,0.817,117.995,4,2023,2023,1
Snooze,SZA,2022-12-09,201800,86,True,2024-02-28T02:57:06Z,r&b,0.559,0.551,5,-7.231,1,0.132,0.141,0.0,0.11,0.392,143.008,4,2023,2022,1
Here With Me,d4vd,2022-09-22,242484,19,False,2023-02-23T18:23:59Z,unknown,0.574,0.469,4,-8.209,1,0.0254,0.534,9.21e-05,0.128,0.288,132.023,4,2023,2022,0
Say Yes To Heaven,Lana Del Rey,2023-05-19,209156,85,False,2023-05-19T14:17:32Z,unknown,0.485,0.348,6,-11.576,0,0.0257,0.678,0.167,0.118,0.145,99.898,4,2023,2023,1
"What Was I Made For? [From The Motion Picture ""Barbie""]",Billie Eilish,2023-07-13,222369,85,False,2023-07-14T04:09:40Z,unknown,0.391,0.084,0,-17.843,1,0.0317,0.953,0.0,0.0983,0.111,79.449,4,2023,2023,1
Until I Found You (with Em Beihold) - Em Beihold Version,Stephen Sanchez;Em Beihold,2022-04-22,176440,78,False,2023-01-07T03:25:07Z,unknown,0.551,0.55,10,-5.339,1,0.0286,0.777,0.0,0.202,0.342,101.19,3,2023,2022,1
I Remember Everything (feat. Kacey Musgraves),Zach Bryan;Kacey Musgraves,2023-08-25,227195,86,False,2023-09-01T15:22:06Z,"country,red dirt",0.429,0.453,0,-7.746,1,0.0459,0.554,2e-06,0.102,0.155,77.639,4,2023,2023,1
Last Night,Morgan Wallen,2023-01-31,163854,26,True,2023-03-31T09:43:24Z,country,0.492,0.673,6,-5.431,1,0.0347,0.413,0.0,0.137,0.488,203.812,4,2023,2023,0
Ella Baila Sola,Eslabon Armado;Peso Pluma,2023-03-16,165671,76,False,2023-04-03T15:50:22Z,"corridos tumbados,sad sierre�o,corrido,sierre�o,m�sica mexicana,corridos b�licos,banda,electro corridos",0.668,0.758,5,-5.176,0,0.0332,0.483,1.89e-05,0.0837,0.834,147.989,3,2023,2023,1
Rich Flex,Drake;21 Savage,2022-11-04,239359,76,True,2023-01-08T19:15:26Z,rap,0.549,0.518,4,-9.39,0,0.257,0.0517,1.21e-06,0.378,0.418,160.07,4,2023,2022,1
Popular (with Playboi Carti & Madonna) - From The Idol Vol. 1 (Music from the HBO Original Series),The Weeknd;Playboi Carti;Madonna,2023-06-02,215466,83,True,2023-07-20T23:14:25Z,rage rap,0.854,0.674,1,-6.23,1,0.184,0.0517,8.53e-05,0.509,0.848,99.022,4,2023,2023,1
Sprinter,Dave;Central Cee,2023-06-01,229133,81,True,2023-11-30T14:39:33Z,"grime,uk grime,uk drill,drill",0.918,0.681,1,-4.705,1,0.201,0.263,0.0,0.0615,0.706,139.057,4,2023,2023,1
fukumean,Gunna,2023-06-16,125040,78,True,2023-07-20T23:13:38Z,melodic rap,0.847,0.622,1,-6.747,0,0.0903,0.119,0.0,0.285,0.22,130.001,4,2023,2023,1
golden hour,JVKE,2022-09-23,209259,80,False,2023-01-07T03:25:23Z,unknown,0.515,0.593,4,-4.801,1,0.0322,0.653,0.162,0.25,0.153,94.467,3,2023,2022,1
Feather,Sabrina Carpenter,2023-03-17,185552,82,True,2023-11-29T10:57:55Z,pop,0.791,0.694,6,-4.332,0,0.0335,0.0736,1.75e-06,0.0958,0.826,123.508,4,2023,2023,1
bad idea right?,Olivia Rodrigo,2023-08-11,184783,2,True,2023-08-11T10:07:36Z,unknown,0.631,0.88,9,-3.545,1,0.0999,0.00174,4.52e-06,0.0639,0.808,129.994,4,2023,2023,0
TQG,KAROL G;Shakira,2023-02-24,197933,81,True,2023-02-25T13:01:29Z,"reggaeton,latin,urbano latino,latin pop",0.587,0.647,4,-3.385,0,0.327,0.619,0.0,0.106,0.686,90.123,4,2023,2023,1
MONACO,Bad Bunny,2023-10-13,267194,81,True,2023-10-13T15:33:12Z,"reggaeton,trap latino,urbano latino,latin",0.787,0.621,4,-5.009,0,0.068,0.15,0.000402,0.58,0.13,139.056,4,2023,2023,1
Too Many Nights (feat. Don Toliver & with Future),Metro Boomin;Future;Don Toliver,2022-12-02,199920,84,True,2024-08-03T02:19:04Z,rap,0.573,0.668,7,-4.356,0,0.0467,0.189,4.01e-05,0.109,0.145,87.973,4,2023,2022,1
Escapism.,RAYE;070 Shake,2022-11-25,272373,1,True,2023-01-07T03:25:20Z,unknown,0.538,0.742,2,-5.355,1,0.114,0.138,4.67e-05,0.0934,0.25,96.107,4,2023,2022,0
Dance The Night - From Barbie The Album,Dua Lipa,2023-05-25,176579,81,False,2023-05-26T09:44:35Z,pop,0.671,0.845,11,-4.93,0,0.048,0.0207,0.0,0.329,0.775,110.056,4,2023,2023,1
Chemical,Post Malone,2023-04-14,184013,74,True,2023-11-30T02:29:11Z,unknown,0.49,0.88,2,-4.856,1,0.0435,0.00154,0.0,0.103,0.392,169.949,4,2023,2023,1
Is It Over Now? (Taylor's Version) (From The Vault),Taylor Swift,2023-10-26,229477,71,False,2023-10-30T00:12:43Z,unknown,0.599,0.651,0,-7.343,1,0.035,0.0486,0.0,0.126,0.153,100.001,4,2023,2023,1
On My Mama,Victoria Mon�t,2023-08-25,184258,63,True,2024-02-05T11:21:56Z,alternative r&b,0.675,0.546,4,-7.716,0,0.0511,0.556,0.00441,0.167,0.607,77.415,4,2023,2023,0
Barbie World (with Aqua) [From Barbie The Album],Nicki Minaj;Ice Spice;Aqua,2023-06-23,109750,69,True,2023-06-27T22:13:15Z,"europop,eurodance",0.77,0.58,0,-8.393,1,0.247,0.519,0.000127,0.233,0.753,144.072,4,2023,2023,0
La Bebe - Remix,Yng Lvcas;Peso Pluma,2023-03-17,234352,78,True,2023-12-26T05:01:18Z,"reggaeton mexa,reggaeton,electro corridos,dembow belico,corrido,corridos tumbados,corridos b�licos,m�sica mexicana,sad sierre�o,banda",0.812,0.479,2,-5.678,0,0.333,0.213,1.21e-06,0.0756,0.559,169.922,4,2023,2023,1
K-POP,Travis Scott;Bad Bunny;The Weeknd,2023-07-21,185220,68,True,2023-07-21T04:21:19Z,"rap,reggaeton,trap latino,urbano latino,latin",0.814,0.618,5,-5.614,0,0.0619,0.0386,3.34e-06,0.671,0.535,121.075,4,2023,2023,0
First Person Shooter (feat. J. Cole),Drake;J. Cole,2023-10-06,247444,73,True,2025-07-01T20:39:58Z,rap,0.475,0.655,11,-7.342,0,0.33,0.0306,0.0,0.375,0.245,163.997,4,2023,2023,1
Houdini,Dua Lipa,2023-11-09,185917,12,False,2023-11-10T01:09:56Z,pop,0.744,0.789,9,-4.876,0,0.059,0.0036,0.00144,0.0947,0.866,116.985,4,2023,2023,0
get him back!,Olivia Rodrigo,2023-09-08,211141,75,True,2023-09-08T04:07:44Z,unknown,0.553,0.847,5,-5.736,1,0.187,0.0143,0.0,0.561,0.733,162.024,4,2023,2023,1
Made You Look,Meghan Trainor,2022-10-21,134256,74,False,2023-01-07T03:25:17Z,unknown,0.834,0.522,10,-3.574,1,0.0703,0.34,1.59e-06,0.0783,0.854,145.035,4,2023,2022,1
Super Shy,NewJeans,2023-07-07,154666,79,False,2023-07-20T23:13:42Z,k-pop,0.776,0.817,5,-6.018,0,0.0748,0.18,3.44e-05,0.146,0.515,149.921,4,2023,2023,1
TELEKINESIS (feat. SZA & Future),Travis Scott;SZA;Future,2023-07-28,353754,77,True,2024-01-23T15:05:23Z,"rap,r&b",0.458,0.535,5,-4.854,0,0.0281,0.575,0.0,0.168,0.216,82.826,4,2023,2023,1
I Wanna Be Yours,Arctic Monkeys,2013-09-09,183956,92,False,2023-12-26T05:02:20Z,"indie,garage rock",0.464,0.417,0,-9.345,0,0.0256,0.136,0.022,0.0974,0.479,67.528,4,2023,2013,1
Nobody Gets Me,SZA,2022-12-09,180853,84,True,2023-01-07T18:50:59Z,r&b,0.358,0.284,7,-8.285,1,0.0285,0.805,0.0,0.183,0.276,99.796,3,2023,2022,1
All Of The Girls You Loved Before,Taylor Swift,2019-08-23,221407,71,False,2023-03-18T13:49:49Z,unknown,0.729,0.467,2,-9.682,1,0.0419,0.71,4.53e-05,0.129,0.401,96.042,3,2023,2019,1
Forget Me,Lewis Capaldi,2023-05-19,203666,72,False,2024-01-23T15:20:30Z,soft pop,0.451,0.754,1,-3.749,0,0.0864,0.327,0.0,0.332,0.674,203.894,4,2023,2023,1
Single Soon,Selena Gomez,2023-08-25,171655,65,False,2023-08-25T14:18:34Z,unknown,0.61,0.571,2,-5.649,1,0.0782,0.00863,0.0,0.131,0.747,105.01,4,2023,2023,0
Like Crazy,Jimin,2023-03-24,212241,74,False,2024-04-06T19:48:43Z,k-pop,0.629,0.733,7,-5.445,1,0.0419,0.0025,0.0,0.357,0.362,120.001,4,2023,2023,1
exes,Tate McRae,2023-11-17,159400,4,True,2023-11-17T10:03:51Z,unknown,0.822,0.578,5,-6.542,0,0.0582,0.164,0.000252,0.11,0.627,136.966,4,2023,2023,0
Standing Next to You,Jung Kook,2023-11-03,206019,82,False,2023-11-03T12:16:55Z,k-pop,0.711,0.809,2,-4.389,0,0.0955,0.0447,0.0,0.339,0.816,106.017,4,2023,2023,1
Ditto,NewJeans,2022-12-19,185506,80,False,2023-01-07T03:25:10Z,k-pop,0.814,0.641,6,-5.957,0,0.111,0.027,0.0,0.0993,0.183,133.854,4,2023,2022,1
Used To Be Young,Miley Cyrus,2023-08-25,191185,57,False,2023-08-25T14:18:45Z,unknown,0.626,0.63,4,-3.834,1,0.0377,0.582,0.0,0.13,0.421,147.029,4,2023,2023,0
Eyes Closed,Ed Sheeran,2023-03-24,194848,3,False,2023-03-24T09:57:32Z,soft pop,0.777,0.526,2,-6.221,1,0.0645,0.302,0.0,0.105,0.389,107.071,4,2023,2023,0
Can�t Catch Me Now - from The Hunger Games: The Ballad of Songbirds & Snakes,Olivia Rodrigo,2023-11-03,205483,73,False,2023-11-10T10:48:17Z,unknown,0.409,0.347,11,-8.159,0,0.0359,0.834,4.55e-06,0.121,0.199,141.332,4,2023,2023,1
un x100to,Grupo Frontera;Bad Bunny,2023-04-17,194563,77,False,2023-04-22T03:51:11Z,"cumbia norte�a,banda,norte�o,m�sica mexicana,corrido,corridos tumbados,grupera,tejano,ranchera,corridos b�licos,reggaeton,trap latino,urbano latino,latin",0.569,0.724,6,-4.076,0,0.0474,0.228,0.0,0.27,0.562,83.118,4,2023,2023,1
LALA,Myke Towers,2023-03-23,197920,79,True,2023-07-20T23:14:34Z,"reggaeton,trap latino,urbano latino",0.708,0.737,1,-4.045,1,0.0436,0.0739,0.00162,0.0955,0.607,91.986,4,2023,2023,1
(It Goes Like) Nanana - Edit,Peggy Gou,2023-06-15,231545,75,False,2023-08-18T20:59:43Z,unknown,0.671,0.876,7,-5.681,0,0.0352,0.12,0.188,0.0823,0.964,129.998,4,2023,2023,1
Rush,Troye Sivan,2023-07-13,156391,27,True,2023-07-14T04:09:59Z,unknown,0.728,0.841,10,-7.682,0,0.0567,0.00242,9.09e-05,0.106,0.402,125.991,4,2023,2023,0
"Peso Pluma: Bzrp Music Sessions, Vol. 55/66",Bizarrap;Peso Pluma,2023-06-01,188361,70,True,2023-06-02T16:11:26Z,"argentine trap,trap latino,urbano latino,corrido,corridos tumbados,corridos b�licos,m�sica mexicana,sad sierre�o,banda,electro corridos",0.785,0.726,5,-6.422,0,0.0372,0.146,0.0,0.0952,0.622,133.118,4,2023,2023,1
BESO,ROSAL�A;Rauw Alejandro,2023-03-24,194543,79,False,2023-03-28T22:55:25Z,"latin,reggaeton,urbano latino,trap latino",0.768,0.644,5,-6.671,0,0.136,0.736,0.000837,0.173,0.53,95.05,4,2023,2023,1
All My Life (feat. J. Cole),Lil Durk;J. Cole,2023-05-26,223878,67,True,2023-05-27T22:37:46Z,"chicago drill,drill,rap",0.787,0.57,3,-5.881,1,0.225,0.0449,0.0,0.135,0.733,142.974,4,2023,2023,0
In Ha Mood,Ice Spice,2023-01-06,129360,62,True,2023-03-17T18:11:37Z,unknown,0.767,0.722,0,-6.586,1,0.31,0.678,1.1e-05,0.231,0.52,141.075,4,2023,2023,0
Double Fantasy (with Future),The Weeknd;Future,2023-04-21,268235,69,True,2023-04-21T04:47:43Z,rap,0.613,0.573,9,-7.277,0,0.0345,0.00572,2.58e-06,0.432,0.124,119.041,4,2023,2023,0
LET GO,Central Cee,2022-12-15,174246,72,True,2023-01-07T03:25:26Z,"uk drill,drill,uk grime",0.747,0.413,2,-11.197,0,0.488,0.848,0.0,0.17,0.481,146.05,4,2023,2022,1
Tattoo,Loreen,2023-02-25,183374,81,False,2023-05-19T01:43:10Z,europop,0.545,0.779,3,-6.235,0,0.0751,0.243,1.66e-06,0.123,0.303,150.002,4,2023,2023,1
Never Felt So Alone,Labrinth,2023-04-07,160166,69,False,2023-04-21T04:47:50Z,unknown,0.436,0.409,5,-4.438,1,0.0533,0.499,0.000166,0.38,0.363,98.357,3,2023,2023,0
Heaven,Niall Horan,2023-02-17,186043,2,False,2023-02-25T15:59:58Z,unknown,0.571,0.761,5,-3.485,1,0.0261,0.0708,0.0,0.331,0.681,91.991,4,2023,2023,0
Yandel 150,Yandel;Feid,2023-01-13,216148,71,True,2023-02-23T18:24:05Z,"reggaeton,urbano latino,latin",0.783,0.729,6,-3.549,0,0.0691,0.0492,0.000272,0.1,0.58,167.968,4,2023,2023,1
La Jumpa,Arc�ngel;Bad Bunny,2022-12-01,255693,70,True,2023-01-07T03:25:03Z,"reggaeton,trap latino,urbano latino,latin",0.713,0.703,8,-5.769,1,0.194,0.298,0.0,0.321,0.576,123.06,4,2023,2022,1
Columbia,Quevedo,2023-07-07,186000,18,False,2023-07-20T23:13:52Z,unknown,0.668,0.712,5,-5.927,1,0.0381,0.369,2.13e-05,0.108,0.264,100.02,4,2023,2023,0
"Calling (Spider-Man: Across the Spider-Verse) (Metro Boomin & Swae Lee, NAV, feat. A Boogie Wit da Hoodie)",Metro Boomin;Swae Lee;NAV;A Boogie Wit da Hoodie,2023-06-05,219453,0,False,2023-06-10T01:15:59Z,melodic rap,0.636,0.537,0,-7.902,1,0.0817,0.481,0.0,0.113,0.199,140.133,4,2023,2023,0
Players,Coi Leray,2022-11-30,139560,69,True,2023-03-18T03:06:12Z,unknown,0.948,0.512,6,-5.74,0,0.146,0.0269,8.57e-06,0.0504,0.599,105.004,4,2023,2022,0
Baby Don't Hurt Me,David Guetta;Anne-Marie;Coi Leray,2023-04-06,140017,78,False,2023-07-20T23:13:48Z,edm,0.602,0.91,7,-3.404,1,0.0308,0.00126,0.000174,0.12,0.228,127.944,4,2023,2023,1
DOGTOOTH,"Tyler, The Creator",2023-03-31,161041,68,True,2023-04-01T14:11:16Z,unknown,0.706,0.648,8,-6.348,1,0.324,0.505,0.0,0.215,0.802,77.533,4,2023,2023,0
Mona Lisa (Spider-Man: Across the Spider-Verse),Dominic Fike,2023-06-02,186066,63,False,2023-06-17T21:22:03Z,unknown,0.759,0.646,1,-7.603,1,0.12,0.231,0.0,0.161,0.445,111.043,4,2023,2023,0
Fast Car,Luke Combs,2023-03-24,265284,83,False,2023-07-20T23:14:43Z,country,0.712,0.603,8,-5.52,1,0.0262,0.186,0.0,0.115,0.67,97.994,4,2023,2023,1
3D (feat. Jack Harlow),Jung Kook;Jack Harlow,2023-09-29,201812,73,True,2023-09-29T10:08:34Z,k-pop,0.853,0.824,1,-3.287,1,0.103,0.0322,0.0,0.0859,0.888,108.044,4,2023,2023,1
Agora Hills,Doja Cat,2023-09-22,265360,76,True,2023-10-20T10:14:52Z,unknown,0.75,0.674,8,-6.128,0,0.097,0.228,8.91e-05,0.122,0.392,123.026,4,2023,2023,1
What It Is (Solo Version),Doechii,2023-03-17,189824,72,True,2023-07-31T19:59:21Z,unknown,0.74,0.758,1,-5.851,0,0.0921,0.061,1.44e-06,0.0967,0.757,171.925,4,2023,2023,1
QLONA,KAROL G;Peso Pluma,2023-08-11,172797,71,True,2023-09-01T15:22:13Z,"reggaeton,latin,urbano latino,corrido,corridos tumbados,corridos b�licos,m�sica mexicana,sad sierre�o,banda,electro corridos",0.843,0.741,7,-7.486,0,0.293,0.541,1.88e-06,0.0879,0.45,169.933,4,2023,2023,1
LOVE AGAIN,The Kid LAROI,2023-01-27,146640,64,False,2023-11-30T02:29:02Z,unknown,0.584,0.455,11,-6.211,0,0.0276,0.447,0.0,0.113,0.367,107.055,4,2023,2023,0
Attention,Doja Cat,2023-06-16,277043,59,True,2023-11-30T02:29:21Z,unknown,0.759,0.567,2,-7.911,1,0.248,0.118,0.0278,0.105,0.421,87.981,4,2023,2023,0
Espresso,Sabrina Carpenter,2024-04-12,175459,85,True,2024-04-12T12:52:19Z,pop,0.701,0.76,0,-5.478,1,0.0285,0.107,6.54e-05,0.185,0.69,103.969,4,2024,2024,1
Die With A Smile,Lady Gaga;Bruno Mars,2024-08-16,251667,92,False,2024-08-16T04:47:20Z,"art pop,pop",0.521,0.592,6,-7.777,0,0.0304,0.308,0.0,0.122,0.535,157.969,3,2024,2024,1
BIRDS OF A FEATHER,Billie Eilish,2024-05-17,210373,95,False,2024-05-27T22:57:05Z,unknown,0.747,0.507,2,-10.171,1,0.0358,0.2,0.0608,0.117,0.438,104.978,4,2024,2024,1
Not Like Us,Kendrick Lamar,2024-05-04,274192,87,True,2024-05-13T02:17:11Z,"hip hop,west coast hip hop",0.898,0.472,1,-7.001,1,0.0776,0.0107,0.0,0.141,0.214,101.061,4,2024,2024,1
Beautiful Things,Benson Boone,2024-01-18,180304,85,False,2024-01-26T05:11:01Z,unknown,0.472,0.471,10,-5.692,1,0.0603,0.151,0.0,0.14,0.219,105.029,3,2024,2024,1
we can't be friends (wait for your love),Ariana Grande,2024-03-08,228639,80,False,2024-03-08T10:00:12Z,pop,0.645,0.646,5,-8.334,1,0.0427,0.0615,3.04e-05,0.074,0.295,115.842,4,2024,2024,1
"Good Luck, Babe!",Chappell Roan,2024-04-05,218423,90,False,2024-05-13T02:18:08Z,unknown,0.7,0.582,11,-5.96,0,0.0356,0.0502,0.0,0.0881,0.785,116.712,4,2024,2024,1
Please Please Please,Sabrina Carpenter,2024-06-06,186365,79,True,2024-06-07T14:50:58Z,pop,0.669,0.586,9,-6.073,1,0.054,0.274,0.0,0.104,0.579,107.071,4,2024,2024,1
End of Beginning,Djo,2022-09-16,159245,90,False,2024-02-22T11:43:43Z,unknown,0.689,0.454,2,-7.643,1,0.0584,0.0351,0.00259,0.0707,0.912,159.982,4,2024,2022,1
APT.,ROSÉ;Bruno Mars,2024-10-18,169917,88,False,2024-10-25T04:06:42Z,k-pop,0.777,0.783,0,-4.477,0,0.26,0.0283,0.0,0.355,0.939,149.027,4,2024,2024,1
"yes, and?",Ariana Grande,2024-01-12,214994,72,True,2024-10-01T18:39:35Z,pop,0.787,0.775,1,-6.614,1,0.0548,0.19,6.54e-05,0.113,0.787,118.998,4,2024,2024,1
i like the way you kiss me,Artemas,2024-03-19,142514,81,False,2024-03-25T14:15:42Z,unknown,0.599,0.946,11,-4.263,1,0.0447,0.000938,0.0106,0.0826,0.747,151.647,4,2024,2024,1
Taste,Sabrina Carpenter,2024-08-23,157279,70,False,2024-08-23T12:29:34Z,pop,0.67,0.91,0,-4.07,0,0.0634,0.0939,0.0,0.304,0.786,112.966,4,2024,2024,1
Fortnight (feat. Post Malone),Taylor Swift;Post Malone,2024-04-18,228965,81,False,2024-04-19T04:04:30Z,unknown,0.504,0.386,11,-10.976,1,0.0308,0.502,1.53e-05,0.0961,0.281,192.004,4,2024,2024,1
FE!N (feat. Playboi Carti),Travis Scott;Playboi Carti,2023-07-28,191700,84,True,2024-03-05T13:15:07Z,"rap,rage rap",0.569,0.882,3,-2.777,0,0.06,0.0316,0.0,0.142,0.201,148.038,4,2024,2023,1
Lose Control,Teddy Swims,2023-09-15,210688,90,False,2024-01-26T05:06:24Z,unknown,0.561,0.604,9,-4.409,1,0.0337,0.199,1.9e-05,0.104,0.242,159.92,3,2024,2023,1
Stick Season,Noah Kahan,2022-10-14,182346,85,False,2024-01-02T00:39:57Z,unknown,0.664,0.5,9,-6.935,1,0.0651,0.799,0.0,0.0966,0.801,117.896,4,2024,2022,1
From The Start,Laufey,2023-09-08,169573,87,False,2025-01-04T18:08:13Z,unknown,0.554,0.339,1,-10.088,1,0.0779,0.886,0.00128,0.11,0.83,80.994,4,2024,2023,1
Too Sweet,Hozier,2024-03-22,251424,76,False,2024-03-25T14:15:33Z,unknown,0.741,0.62,10,-5.505,1,0.0412,0.0295,0.000809,0.0398,0.934,117.038,4,2024,2024,1
TEXAS HOLD 'EM,Beyoncé,2024-02-10,233456,58,True,2024-02-20T02:14:19Z,unknown,0.727,0.711,2,-6.549,1,0.078,0.582,0.0,0.158,0.375,110.012,4,2024,2024,0
I Had Some Help (Feat. Morgan Wallen),Post Malone;Morgan Wallen,2024-05-10,178205,81,True,2024-05-13T02:17:18Z,country,0.638,0.855,7,-4.86,1,0.0264,0.00757,0.0,0.245,0.731,127.986,4,2024,2024,1
MILLION DOLLAR BABY,Tommy Richman,2024-04-26,155151,9,False,2024-05-13T02:17:05Z,unknown,0.849,0.699,1,-5.106,0,0.0436,0.0982,0.000215,0.068,0.927,138.003,4,2024,2024,0
LUNCH,Billie Eilish,2024-05-17,179586,82,False,2024-05-17T04:24:58Z,unknown,0.893,0.4,11,-7.981,0,0.0643,0.0452,0.0823,0.0632,0.945,124.987,4,2024,2024,1
Gata Only,FloyyMenor;Cris MJ,2024-02-02,222000,85,True,2024-02-28T15:04:19Z,"reggaeton chileno,chilean trap,chilean mambo,reggaeton",0.791,0.499,8,-8.472,0,0.0509,0.446,2.41e-05,0.0899,0.669,99.986,4,2024,2024,1
"One Of The Girls (with JENNIE, Lily Rose Depp)",The Weeknd;JENNIE;Lily-Rose Depp,2023-06-23,244684,92,False,2024-01-02T00:39:41Z,k-pop,0.264,0.64,8,-6.221,1,0.0442,0.0393,2.31e-06,0.151,0.19,84.828,4,2024,2023,1
Guess featuring billie eilish,Charli xcx;Billie Eilish,2024-08-01,143330,75,False,2024-08-01T23:45:57Z,"hyperpop,art pop",0.776,0.667,7,-6.622,1,0.0983,0.0146,0.3,0.0761,0.618,130.019,4,2024,2024,1
HOT TO GO!,Chappell Roan,2023-09-22,184841,77,False,2024-07-04T22:19:22Z,unknown,0.742,0.757,6,-4.981,1,0.0421,0.0187,0.0,0.305,0.957,139.982,4,2024,2023,1
"I Love You, I'm Sorry",Gracie Abrams,2024-06-21,157146,87,True,2024-10-13T04:29:30Z,unknown,0.53,0.406,10,-7.507,1,0.033,0.656,0.0,0.133,0.338,115.94,3,2024,2024,1
I Can Do It With a Broken Heart,Taylor Swift,2024-04-18,218004,80,True,2024-05-13T02:17:45Z,unknown,0.701,0.751,0,-8.39,1,0.0502,0.123,0.0,0.15,0.22,129.994,4,2024,2024,1
Timeless (feat. Playboi Carti),The Weeknd;Playboi Carti,2024-09-27,256000,17,True,2024-09-29T01:43:23Z,rage rap,0.769,0.722,11,-5.485,0,0.0507,0.0584,2.56e-06,0.111,0.57,119.973,4,2024,2024,0
Like That,Future;Metro Boomin;Kendrick Lamar,2024-03-22,267706,82,True,2024-03-24T20:53:37Z,"rap,hip hop,west coast hip hop",0.814,0.676,11,-4.67,0,0.231,0.00709,1.28e-05,0.119,0.312,162.012,4,2024,2024,1
St. Chroma (feat. Daniel Caesar),"Tyler, The Creator;Daniel Caesar",2024-10-28,197019,78,True,2024-10-30T16:41:36Z,unknown,0.576,0.884,0,-5.058,1,0.555,0.357,0.0,0.368,0.373,150.45,4,2024,2024,1
Who,Jimin,2024-07-19,170887,86,False,2024-08-03T14:57:12Z,k-pop,0.66,0.756,0,-3.743,0,0.032,0.00289,0.0,0.193,0.838,116.034,4,2024,2024,1
Saturn,SZA,2024-02-22,186191,78,False,2024-02-23T00:24:00Z,r&b,0.411,0.619,1,-6.834,1,0.0368,0.62,0.0,0.11,0.337,177.937,4,2024,2024,1
WILDFLOWER,Billie Eilish,2024-05-17,261466,92,False,2024-10-31T00:28:54Z,unknown,0.467,0.247,6,-12.002,0,0.0431,0.612,0.000271,0.17,0.126,148.101,4,2024,2024,1
A Bar Song (Tipsy),Shaboozey,2024-04-12,171291,83,True,2024-05-13T02:17:28Z,unknown,0.722,0.709,9,-4.95,1,0.0273,0.0633,0.0,0.0804,0.604,81.012,4,2024,2024,1
Praise Jah In The Moonlight,YG Marley,2023-12-27,263040,73,False,2024-02-03T12:51:28Z,reggae,0.66,0.727,6,-4.028,0,0.0441,0.128,1.31e-05,0.524,0.418,125.023,4,2024,2023,1
La Diabla,Xavi,2023-11-30,172264,74,False,2024-01-02T00:39:34Z,"corridos tumbados,corrido,corridos bélicos,sad sierreño,música mexicana,banda,sierreño",0.751,0.819,11,-4.372,0,0.0409,0.255,0.0,0.236,0.697,131.842,3,2024,2023,1
BELLAKEO,Peso Pluma;Anitta,2023-12-07,197333,72,True,2024-01-02T00:39:49Z,"corrido,corridos tumbados,corridos bélicos,música mexicana,sad sierreño,banda,electro corridos,brazilian pop,funk pop,brazilian funk,funk carioca",0.72,0.88,9,-2.834,1,0.101,0.0562,0.06,0.153,0.463,180.011,4,2024,2023,1
360,Charli xcx,2024-06-07,133805,76,True,2024-12-04T14:33:39Z,"hyperpop,art pop",0.857,0.62,0,-8.13,1,0.0472,0.646,0.244,0.0934,0.796,120.042,4,2024,2024,1
luther (with sza),Kendrick Lamar;SZA,2024-11-21,177598,85,False,2024-11-27T04:41:05Z,"hip hop,west coast hip hop,r&b",0.707,0.575,2,-7.546,1,0.125,0.251,0.0,0.248,0.576,138.008,4,2024,2024,1
redrum,21 Savage,2024-01-12,270697,79,True,2024-01-17T17:22:43Z,unknown,0.625,0.733,2,-8.757,1,0.0488,0.00598,0.000983,0.375,0.244,172.09,4,2024,2024,1
CARNIVAL,¥$;Kanye West;Ty Dolla $ign;Rich The Kid;Playboi Carti,2024-02-09,264324,10,True,2024-02-22T11:43:55Z,"rap,trap soul,trap,rage rap",0.594,0.811,1,-5.746,1,0.159,0.189,0.0,0.339,0.311,148.144,4,2024,2024,0
São Paulo (feat. Anitta),The Weeknd;Anitta,2024-10-31,301623,11,True,2024-10-31T00:09:30Z,"brazilian pop,funk pop,brazilian funk,funk carioca",0.574,0.659,5,-7.377,0,0.0768,0.0412,0.0002,0.0921,0.506,127.347,4,2024,2024,0
obsessed,Olivia Rodrigo,2024-03-22,170541,74,True,2024-03-22T04:13:57Z,unknown,0.68,0.581,8,-5.166,1,0.106,0.0181,1.07e-06,0.276,0.63,119.974,4,2024,2024,1
the boy is mine,Ariana Grande,2024-03-08,173639,79,True,2024-03-08T12:32:26Z,pop,0.795,0.63,7,-5.854,0,0.0434,0.157,0.0,0.0732,0.447,97.998,4,2024,2024,1
Bed Chem,Sabrina Carpenter,2024-08-23,171869,83,False,2024-09-22T14:19:35Z,pop,0.739,0.727,11,-5.968,0,0.0426,0.0678,0.0,0.104,0.676,94.99,4,2024,2024,1
The Emptiness Machine,Linkin Park,2024-09-05,190427,78,True,2024-09-21T17:49:53Z,"nu metal,rap metal,rock,alternative metal",0.466,0.872,7,-3.344,1,0.0336,0.0156,0.0,0.121,0.806,184.115,4,2024,2024,1
Houdini,Eminem,2024-05-31,227239,76,True,2024-05-31T14:14:32Z,"rap,hip hop",0.936,0.887,9,-2.76,0,0.0683,0.0292,1.88e-06,0.0582,0.889,127.003,4,2024,2024,1
Evergreen,Richy Mitch & The Coal Miners,2017-05-17,87000,82,False,2024-04-08T22:00:15Z,unknown,0.555,0.216,3,-11.661,1,0.0721,0.557,0.00416,0.109,0.504,79.109,3,2024,2017,1
CHIHIRO,Billie Eilish,2024-05-17,303440,87,False,2024-05-27T00:39:24Z,unknown,0.7,0.425,7,-12.531,1,0.0529,0.144,0.879,0.083,0.521,110.015,4,2024,2024,1
intro (end of the world),Ariana Grande,2024-03-08,92400,77,True,2024-03-25T14:15:54Z,pop,0.506,0.362,10,-9.48,1,0.0416,0.67,0.0,0.176,0.385,84.726,4,2024,2024,1
Thats So True,Gracie Abrams,2024-10-18,166300,90,True,2024-10-30T16:41:55Z,unknown,0.554,0.808,1,-4.169,1,0.0368,0.214,0.0,0.159,0.372,108.548,4,2024,2024,1
Slow It Down,Benson Boone,2024-03-21,161831,71,False,2024-03-22T04:45:47Z,unknown,0.432,0.583,8,-4.682,1,0.0687,0.174,0.0,0.0933,0.544,181.489,4,2024,2024,1
Rich Baby Daddy (feat. Sexyy Red & SZA),Drake;Sexyy Red;SZA,2023-10-06,319191,78,True,2024-01-04T02:10:42Z,"rap,r&b",0.636,0.729,2,-4.495,1,0.055,0.0458,0.0,0.384,0.141,146.009,4,2024,2023,1
Diet Pepsi,Addison Rae,2024-08-09,169697,77,False,2024-11-14T22:03:51Z,unknown,0.669,0.561,10,-6.538,1,0.0411,0.495,0.00962,0.0954,0.841,150.069,4,2024,2024,1
Youre Losing Me (From The Vault),Taylor Swift,2023-11-29,277831,74,False,2024-01-04T02:08:11Z,unknown,0.744,0.396,0,-13.712,1,0.057,0.509,0.00319,0.121,0.18,102.969,4,2024,2023,1
Igual Que Un Ángel (with Peso Pluma),Kali Uchis;Peso Pluma,2024-01-12,260370,77,False,2024-01-17T17:22:58Z,"corrido,corridos tumbados,corridos bélicos,música mexicana,sad sierreño,banda,electro corridos",0.695,0.592,5,-5.34,0,0.032,0.00449,0.000663,0.185,0.482,108.001,4,2024,2024,1
LUNA,Feid;ATL Jacob,2023-12-01,196800,85,False,2024-01-26T05:11:24Z,"reggaeton,urbano latino",0.774,0.86,7,-2.888,0,0.13,0.131,0.0,0.116,0.446,100.019,4,2024,2023,1
Si Antes Te Hubiera Conocido,KAROL G,2024-06-21,195824,84,False,2024-07-03T12:01:05Z,"reggaeton,latin,urbano latino",0.924,0.668,11,-6.795,1,0.0469,0.446,0.000594,0.0678,0.787,128.027,4,2024,2024,1
PERRO NEGRO,Bad Bunny;Feid,2023-10-13,162767,83,True,2024-01-04T02:09:40Z,"reggaeton,trap latino,urbano latino,latin",0.911,0.778,5,-2.248,1,0.262,0.0887,2.16e-05,0.179,0.345,96.057,4,2024,2023,1
Alibi (with Pabllo Vittar & Yseult),Sevdaliza;Pabllo Vittar;Yseult,2024-06-28,161655,77,False,2024-08-02T23:25:06Z,"brazilian pop,funk pop,tecnobrega,french r&b",0.741,0.754,11,-5.412,0,0.0327,0.00526,8.21e-06,0.125,0.717,126.98,4,2024,2024,1
Training Season,Dua Lipa,2024-02-15,209487,76,False,2024-02-16T13:29:30Z,pop,0.812,0.587,5,-4.483,0,0.0477,0.0349,2.64e-06,0.123,0.664,123.041,4,2024,2024,1
Disease,Lady Gaga,2024-10-25,229997,70,False,2024-11-01T10:49:50Z,"art pop,pop",0.562,0.917,11,-2.768,0,0.117,0.0513,0.0,0.488,0.501,100.987,4,2024,2024,1
Sympathy is a knife featuring ariana grande,Charli xcx;Ariana Grande,2024-10-11,154126,63,True,2024-10-11T05:57:06Z,"hyperpop,art pop,pop",0.711,0.603,3,-7.815,1,0.0405,0.0962,0.0,0.112,0.339,135.151,4,2024,2024,0
Rockstar,LISA,2024-06-27,138213,75,True,2024-07-03T12:01:19Z,k-pop,0.668,0.628,8,-4.692,1,0.046,0.129,0.0,0.0293,0.568,140.053,4,2024,2024,1
FTCU,Nicki Minaj,2023-12-08,172137,68,True,2024-01-02T00:41:02Z,unknown,0.93,0.435,11,-6.694,1,0.202,0.0173,0.000287,0.117,0.227,144.978,4,2024,2023,0
Whatever She Wants,Bryson Tiller,2024-02-13,161342,76,True,2024-03-05T13:15:17Z,"trap soul,r&b",0.803,0.512,9,-6.871,0,0.066,0.128,0.0,0.0928,0.435,96.02,4,2024,2024,1
HISS,Megan Thee Stallion,2024-01-26,192818,61,True,2024-02-02T15:13:21Z,unknown,0.745,0.663,1,-5.056,1,0.423,0.078,0.0,0.213,0.686,167.137,4,2024,2024,0
Seven (feat. Latto) (Explicit Ver.),Jung Kook;Latto,2023-11-03,183550,84,True,2024-01-02T00:54:48Z,k-pop,0.79,0.831,11,-4.185,1,0.044,0.312,0.0,0.0797,0.872,124.987,4,2024,2023,1
I Don't Wanna Wait,David Guetta;OneRepublic,2024-04-05,149667,81,False,2024-04-12T12:52:29Z,"edm,soft pop",0.681,0.714,1,-4.617,0,0.0309,0.0375,0.0,0.232,0.554,129.976,4,2024,2024,1
Defying Gravity,Cynthia Erivo;Ariana Grande,2024-11-22,459766,79,False,2024-11-27T19:22:52Z,"musicals,pop",0.31,0.303,1,-10.345,1,0.0344,0.527,0.0,0.0436,0.208,148.419,4,2024,2024,1
Tough,Quavo;Lana Del Rey,2024-07-03,188828,71,False,2024-07-03T18:34:19Z,unknown,0.582,0.557,8,-7.981,0,0.101,0.452,1.87e-05,0.121,0.211,84.989,4,2024,2024,1
squabble up,Kendrick Lamar,2024-11-22,157992,80,True,2024-11-27T04:41:23Z,"hip hop,west coast hip hop",0.874,0.672,0,-5.568,1,0.198,0.0206,0.0,0.0783,0.711,103.921,4,2024,2024,1
BAND4BAND (feat. Lil Baby),Central Cee;Lil Baby,2024-05-23,140733,73,True,2024-07-03T12:01:40Z,"uk drill,drill,uk grime",0.882,0.764,11,-5.241,1,0.204,0.359,0.0,0.119,0.886,140.113,4,2024,2024,1
Push Ups,Drake,2024-04-19,232774,71,True,2024-04-20T04:05:20Z,rap,0.598,0.696,2,-4.789,1,0.112,0.0153,0.0,0.219,0.209,91.057,4,2024,2024,1
Never Lose Me,Flo Milli,2023-11-30,125901,71,True,2024-01-26T05:11:06Z,unknown,0.781,0.567,1,-7.857,1,0.0969,0.0504,0.0,0.0981,0.0743,121.964,4,2024,2023,1
Apple,Charli xcx,2024-06-07,151739,77,False,2024-08-02T17:49:26Z,"hyperpop,art pop",0.804,0.957,0,-5.452,1,0.034,0.125,0.0174,0.114,0.962,126.035,4,2024,2024,1
It's ok I'm ok,Tate McRae,2024-09-12,156521,74,True,2024-12-31T20:19:43Z,unknown,0.754,0.514,1,-7.721,0,0.0471,0.0257,3.98e-05,0.0808,0.363,114.997,4,2024,2024,1
Down Bad,Taylor Swift,2024-04-18,261228,73,True,2024-04-19T04:15:42Z,unknown,0.541,0.366,11,-10.412,1,0.0748,0.56,1e-06,0.0946,0.168,159.707,4,2024,2024,1
NIGHTS LIKE THIS,The Kid LAROI,2023-11-10,86983,87,False,2024-07-04T22:19:27Z,unknown,0.482,0.757,6,-4.586,1,0.0355,0.0137,0.0016,0.143,0.12,142.579,4,2024,2023,1
act ii: date @ 8 (feat. Drake) - remix,4batz;Drake,2024-03-08,231338,71,True,2024-03-11T14:07:58Z,rap,0.55,0.545,0,-9.304,1,0.163,0.318,0.0,0.0608,0.412,102.469,4,2024,2024,1
Santa,Rvssian;Rauw Alejandro;Ayra Starr,2024-04-04,193038,74,False,2024-05-13T02:17:52Z,"trap latino,reggaeton,urbano latino,latin,afrobeats,afrobeat,afropop,afro r&b,afropiano,afro soul",0.725,0.709,3,-5.017,0,0.129,0.321,0.000189,0.114,0.648,99.993,4,2024,2024,1
Tu Boda,Oscar Maydon;Fuerza Regida,2024-09-26,225880,83,True,2024-11-08T15:37:56Z,"corrido,corridos tumbados,corridos bélicos,electro corridos,dembow belico,sad sierreño,sierreño,música mexicana,banda",0.694,0.651,6,-6.968,1,0.0784,0.496,1.36e-05,0.0787,0.471,112.648,3,2024,2024,1
Stargazing,Myles Smith,2024-05-10,172533,85,False,2024-07-03T12:01:26Z,unknown,0.635,0.601,1,-6.129,0,0.0295,0.246,0.0,0.11,0.332,123.994,4,2024,2024,1
Moonlit Floor (Kiss Me),LISA,2024-10-03,155757,72,False,2024-10-30T16:42:00Z,k-pop,0.733,0.786,5,-3.951,0,0.112,0.128,0.0,0.31,0.672,109.954,4,2024,2024,1
Overcompensate (edit),Twenty One Pilots,2024-02-29,190733,48,False,2024-03-08T12:37:49Z,unknown,0.388,0.881,1,-5.281,1,0.12,0.0132,0.000244,0.131,0.385,95.155,4,2024,2024,0
Austin (Boots Stop Workin'),Dasha,2024-02-16,171782,82,True,2024-04-08T12:18:50Z,unknown,0.756,0.672,0,-6.743,1,0.0522,0.464,3.37e-06,0.108,0.739,114.935,4,2024,2024,1
Sailor Song,Gigi Perez,2024-07-26,211978,87,False,2024-10-30T16:41:51Z,unknown,0.494,0.413,11,-10.432,1,0.0254,0.682,6.72e-05,0.193,0.273,94.938,4,2024,2024,1
Belong Together,Mark Ambor,2024-02-16,148317,76,False,2024-05-13T02:17:56Z,unknown,0.646,0.668,2,-5.203,1,0.0282,0.491,0.0,0.212,0.64,90.969,4,2024,2024,1
Magnetic,ILLIT,2024-03-25,160688,82,False,2024-04-08T12:18:42Z,k-pop,0.797,0.668,6,-5.819,1,0.0687,0.257,0.0,0.0876,0.69,131.067,4,2024,2024,1
Did It First (with Central Cee),Ice Spice;Central Cee,2024-07-11,118002,67,True,2024-08-03T14:57:31Z,"uk drill,drill,uk grime",0.635,0.574,1,-7.453,1,0.322,0.229,0.0,0.126,0.592,153.938,4,2024,2024,0
DEVIL IS A LIE,Tommy Richman,2024-06-14,130944,73,True,2024-07-03T12:01:47Z,unknown,0.904,0.452,9,-7.272,1,0.132,0.174,0.0,0.115,0.613,90.026,4,2024,2024,1
La Víctima,Xavi,2023-08-17,156345,71,True,2024-01-02T01:12:26Z,"corridos tumbados,corrido,corridos bélicos,sad sierreño,música mexicana,banda,sierreño",0.778,0.835,11,-3.598,0,0.0767,0.152,0.0,0.109,0.666,140.082,4,2024,2023,1
II MOST WANTED,Beyoncé;Miley Cyrus,2024-03-29,208521,62,False,2024-03-29T11:08:40Z,unknown,0.533,0.355,8,-6.132,1,0.0289,0.497,0.0,0.174,0.256,137.986,4,2024,2024,0
Dancing In The Flames,The Weeknd,2024-09-13,220036,75,False,2024-09-13T04:18:27Z,unknown,0.552,0.73,1,-6.203,1,0.0381,0.0011,0.0,0.0837,0.162,116.875,4,2024,2024,1
